[2025-09-18T11:24:01.379Z] [INFO] [IP: ::1] [04c14748-4b4a-463a-b078-453d45f46c9d] GET /
[2025-09-18T11:24:01.805Z] [INFO] [IP: ::1] [3fcc63c0-3ea2-46da-b95c-cd4a6b3e1f5e] GET /wp-content/plugins/click-to-chat-for-whatsapp/new/inc/assets/css/main5048.css?ver=4.17
[2025-09-18T11:24:01.854Z] [INFO] [IP: ::1] [6eebc9a7-77b5-48a4-94e3-e93c59c3ded1] GET /wp-content/plugins/themesflat-addons-for-elementor/assets/css/tf-header-footerd1c0.css?ver=6.7.2
[2025-09-18T11:24:01.946Z] [INFO] [IP: ::1] [5831918a-e575-40ec-8f88-690d996fa458] GET /wp-content/plugins/themesflat-addons-for-elementor/assets/css/tf-postd1c0.css?ver=6.7.2
[2025-09-18T11:24:02.011Z] [INFO] [IP: ::1] [0e443a4a-b670-43cd-b43e-9eaf9735a62a] GET /wp-content/plugins/elementor/assets/lib/font-awesome/css/fontawesome52d5.css?ver=5.15.3
[2025-09-18T11:24:02.042Z] [INFO] [IP: ::1] [31b65ed1-e468-4bb4-87aa-d2b596e4ed68] GET /wp-content/plugins/header-footer-elementor/assets/css/header-footer-elementor3601.css?ver=2.2.0
[2025-09-18T11:24:02.043Z] [INFO] [IP: ::1] [b4fd8bd2-d8c0-4d34-8675-c48e448a4d80] GET /wp-content/uploads/elementor/css/custom-frontend.minafe1.css?ver=1740568210
[2025-09-18T11:24:02.045Z] [INFO] [IP: ::1] [e4e737b3-4c60-4735-b2ca-4c3b62f402ac] GET /wp-content/uploads/elementor/css/post-8afe1.css?ver=1740568210
[2025-09-18T11:24:02.046Z] [INFO] [IP: ::1] [0fd1b1e3-1e32-4573-a765-8a5bf4e15947] GET /wp-content/plugins/elementor/assets/css/widget-heading.min3dd9.css?ver=3.27.6
[2025-09-18T11:24:02.054Z] [INFO] [IP: ::1] [0a08ca44-716e-44c3-9d58-36938df224f2] GET /wp-content/plugins/elementor/assets/css/widget-image.min3dd9.css?ver=3.27.6
[2025-09-18T11:24:02.064Z] [INFO] [IP: ::1] [366d9695-edc0-4d32-910d-5bf010ef13d2] GET /wp-content/plugins/elementor/assets/css/widget-text-editor.min3dd9.css?ver=3.27.6
[2025-09-18T11:24:02.069Z] [INFO] [IP: ::1] [0c8fc9b7-d619-46f0-8642-7d4a04382733] GET /wp-content/plugins/elementor/assets/lib/animations/styles/fadeInUp.min3dd9.css?ver=3.27.6
[2025-09-18T11:24:02.071Z] [INFO] [IP: ::1] [7ac3a474-665a-4c4c-b6bd-383564c8a8a4] GET /wp-includes/js/mediaelement/mediaelementplayer-legacy.min1f61.css?ver=4.2.17
[2025-09-18T11:24:02.071Z] [INFO] [IP: ::1] [4449743b-a317-4d76-864f-8a339c2b1f02] GET /wp-includes/js/mediaelement/wp-mediaelement.mind1c0.css?ver=6.7.2
[2025-09-18T11:24:02.072Z] [INFO] [IP: ::1] [bf288fbc-807e-4bf6-b069-570c48ebfd37] GET /wp-content/uploads/elementor/css/custom-widget-star-rating.minafe1.css?ver=1740568210
[2025-09-18T11:24:02.076Z] [INFO] [IP: ::1] [4ac9b394-79b4-44b3-8d37-7f79df0a34e8] GET /wp-content/plugins/elementor/assets/css/widget-divider.min3dd9.css?ver=3.27.6
[2025-09-18T11:24:02.086Z] [INFO] [IP: ::1] [cc1815ae-e13d-464b-8fd5-1896b42333ec] GET /wp-content/plugins/elementor/assets/lib/animations/styles/zoomIn.min3dd9.css?ver=3.27.6
[2025-09-18T11:24:02.094Z] [INFO] [IP: ::1] [27de055d-3c9b-4927-9f64-098da20ef7f6] GET /wp-content/plugins/themesflat-addons-for-elementor/assets/css/tf-imageboxd1c0.css?ver=6.7.2
[2025-09-18T11:24:02.095Z] [INFO] [IP: ::1] [34c4abf8-8713-4b46-a9d5-b535064bad74] GET /wp-content/uploads/elementor/css/custom-widget-image-box.minafe1.css?ver=1740568210
[2025-09-18T11:24:02.096Z] [INFO] [IP: ::1] [e4c1b3c5-4034-4031-93c7-1bbd048f57bb] GET /wp-content/plugins/themesflat-addons-for-elementor/assets/css/owl.carouseld1c0.css?ver=6.7.2
[2025-09-18T11:24:02.097Z] [INFO] [IP: ::1] [c6cf29b4-f026-435e-8f61-6b6448ad0045] GET /wp-content/uploads/elementor/css/post-24c268.css?ver=1740573045
[2025-09-18T11:24:02.100Z] [INFO] [IP: ::1] [b576d224-f8b8-4d19-a807-90c28eab702c] GET /wp-content/uploads/elementor/css/post-17afe1.css?ver=1740568210
[2025-09-18T11:24:02.109Z] [INFO] [IP: ::1] [1228dd59-2fbb-4631-b60b-9667252ef16f] GET /wp-content/uploads/elementor/css/post-168afe1.css?ver=1740568210
[2025-09-18T11:24:02.114Z] [INFO] [IP: ::1] [d5270f34-ed01-42de-a14b-0eb1ec08651b] GET /wp-content/plugins/the-plus-addons-for-elementor-page-builder/assets/css/main/plus-extra-adv/plus-extra-adv.minc268.css?ver=1740573045
[2025-09-18T11:24:02.115Z] [INFO] [IP: ::1] [1895f689-71a3-4e72-a066-c8f81f71a1dd] GET /wp-content/plugins/the-plus-addons-for-elementor-page-builder/assets/css/main/heading-animation/tp-heading-animationc268.css?ver=1740573045
[2025-09-18T11:24:02.117Z] [INFO] [IP: ::1] [f160815f-17de-470e-92c7-0025f3e30a8c] GET /wp-content/plugins/the-plus-addons-for-elementor-page-builder/assets/css/main/heading-animation/heading-animation-style-3c268.css?ver=1740573045
[2025-09-18T11:24:02.120Z] [INFO] [IP: ::1] [92ae0e84-1c09-4546-bf2c-62fb751dde95] GET /wp-content/plugins/metform/public/assets/lib/cute-alert/style4ae0.css?ver=3.8.6
[2025-09-18T11:24:02.121Z] [INFO] [IP: ::1] [5fc02a99-6dad-4144-965c-966fd0f5bbd0] GET /wp-content/plugins/metform/public/assets/css/text-editor4ae0.css?ver=3.8.6
[2025-09-18T11:24:02.132Z] [INFO] [IP: ::1] [e6a4964c-6abc-46e9-addf-1b5bebe3050b] GET /wp-content/themes/hello-elementor/style.min9b70.css?ver=3.3.0
[2025-09-18T11:24:02.138Z] [INFO] [IP: ::1] [dcf47cc1-629c-401c-8eee-411655c9239b] GET /wp-content/themes/hello-elementor/theme.min9b70.css?ver=3.3.0
[2025-09-18T11:24:02.140Z] [INFO] [IP: ::1] [66ba49f0-be1e-4867-98d4-ac266a511dfe] GET /wp-content/themes/hello-elementor/header-footer.min9b70.css?ver=3.3.0
[2025-09-18T11:24:02.141Z] [INFO] [IP: ::1] [797396cf-e624-460b-8937-2f603ad72ba3] GET /wp-includes/css/dashicons.mind1c0.css?ver=6.7.2
[2025-09-18T11:24:02.145Z] [INFO] [IP: ::1] [6a67e87b-6e31-40c8-aa8e-f461ae184648] GET /wp-content/plugins/elementor/assets/lib/eicons/css/elementor-icons.min705c.css?ver=5.34.0
[2025-09-18T11:24:02.146Z] [INFO] [IP: ::1] [74da4e7c-e5e2-4860-89ab-37db96ae10c4] GET /wp-content/plugins/elementor/assets/css/widget-icon-list.min44b4.css?ver=3.24.3
[2025-09-18T11:24:02.154Z] [INFO] [IP: ::1] [b696cd84-ee3b-4915-b49f-49538c23d1ee] GET /wp-content/plugins/elementor/assets/css/widget-social-icons.min2401.css?ver=3.24.0
[2025-09-18T11:24:02.160Z] [INFO] [IP: ::1] [2b0b314e-c799-458f-85b0-7caadbf6b857] GET /wp-content/plugins/elementor/assets/lib/font-awesome/css/brands52d5.css?ver=5.15.3
[2025-09-18T11:24:02.161Z] [INFO] [IP: ::1] [7d91a5d8-003b-44c2-b8ad-7c6d24f44c06] GET /wp-content/plugins/elementor/assets/lib/font-awesome/css/solid52d5.css?ver=5.15.3
[2025-09-18T11:24:02.162Z] [INFO] [IP: ::1] [4ea64478-de5b-413f-93f4-95da3c495ec3] GET /wp-content/plugins/elementskit-lite/widgets/init/assets/css/widget-stylesedb1.css?ver=3.4.4
[2025-09-18T11:24:02.168Z] [INFO] [IP: ::1] [7eebe68c-1aca-416b-89e2-82dd8a766ab6] GET /wp-content/plugins/elementskit-lite/widgets/init/assets/css/responsiveedb1.css?ver=3.4.4
[2025-09-18T11:24:02.169Z] [INFO] [IP: ::1] [78f0971b-972a-438e-bc75-e982125b880c] GET /wp-content/plugins/elementskit-lite/modules/elementskit-icon-pack/assets/css/ekiticonsedb1.css?ver=3.4.4
[2025-09-18T11:24:02.178Z] [INFO] [IP: ::1] [be0ac830-31ce-4267-b70d-78bfe00ed737] GET /wp-content/plugins/header-footer-elementor/inc/widgets-css/frontend3601.css?ver=2.2.0
[2025-09-18T11:24:02.183Z] [INFO] [IP: ::1] [84355d41-ba0f-4acd-b229-f52ea1a3c051] GET /wp-content/plugins/elementor/assets/lib/font-awesome/css/all.mind1c0.css?ver=6.7.2
[2025-09-18T11:24:02.184Z] [INFO] [IP: ::1] [62986a50-8a55-4f1d-9c59-122ab4897811] GET /wp-content/plugins/elementor/assets/lib/font-awesome/css/regular.mind1c0.css?ver=6.7.2
[2025-09-18T11:24:02.189Z] [INFO] [IP: ::1] [09d8b762-aad5-4ddc-a91d-be25c13e4b19] GET /wp-content/plugins/embedpress/assets/css/embedpressd1c0.css?ver=6.7.2
[2025-09-18T11:24:02.195Z] [INFO] [IP: ::1] [f762732e-1459-4334-bb27-3510e51c3a9f] GET /wp-includes/js/jquery/jquery.minf43b.js?ver=3.7.1
[2025-09-18T11:24:02.204Z] [INFO] [IP: ::1] [ed2c6429-b1d5-471f-b80d-1991f4d0ad96] GET /wp-includes/js/jquery/jquery-migrate.min5589.js?ver=3.4.1
[2025-09-18T11:24:02.206Z] [INFO] [IP: ::1] [6afc85ec-1555-4fc3-bbac-a3b7022a586b] GET /wp-content/plugins/elementor/assets/lib/swiper/swiper.mind1c0.html?ver=6.7.2
[2025-09-18T11:24:02.213Z] [INFO] [IP: ::1] [81eb62e6-fa58-4dbf-84e9-e3061d0315b4] GET /wp-content/uploads/2023/12/image-82.jpg
[2025-09-18T11:24:02.216Z] [INFO] [IP: ::1] [1fb7378a-ef02-48c0-8b23-674df36942f8] GET /wp-content/uploads/2023/12/drh-logo.png
[2025-09-18T11:24:02.223Z] [INFO] [IP: ::1] [a91ab596-6c25-4f98-a447-1b58faaa50e5] GET /wp-content/uploads/2024/02/drh-hero-bg1.jpg
[2025-09-18T11:24:02.251Z] [INFO] [IP: ::1] [68e49ab0-cdb3-434c-a71b-256e7191bde2] GET /wp-content/uploads/2024/02/DH-hero-bg-img.jpg
[2025-09-18T11:24:02.254Z] [INFO] [IP: ::1] [43b7d18c-55a0-42b8-b395-fba47e22dc0d] GET /wp-content/plugins/themesflat-addons-for-elementor/assets/css/tf-navmenud1c0.css?ver=6.7.2
[2025-09-18T11:24:02.268Z] [INFO] [IP: ::1] [89d922e3-6d1d-4319-8b5b-d277e0c2e513] GET /wp-content/plugins/elementor/assets/lib/animations/styles/e-animation-grow.min3dd9.css?ver=3.27.6
[2025-09-18T11:24:02.297Z] [INFO] [IP: ::1] [e99e07e8-dd59-4127-b4bb-1825f1c2e9f9] GET /wp-content/plugins/elementor/assets/lib/font-awesome/css/all.min3dd9.css?ver=3.27.6
[2025-09-18T11:24:02.385Z] [INFO] [IP: ::1] [6bcdfe4f-2b26-4789-8ef7-1bb73b99cbee] GET /wp-content/plugins/elementor/assets/lib/font-awesome/css/v4-shims.min3dd9.css?ver=3.27.6
[2025-09-18T11:24:02.387Z] [INFO] [IP: ::1] [255645e7-d563-46d9-8b2d-2b9cd844b1ca] GET /wp-content/plugins/metform/public/assets/css/metform-ui4ae0.css?ver=3.8.6
[2025-09-18T11:24:02.389Z] [INFO] [IP: ::1] [b9d749d4-9b24-4944-9946-1a5065444dcf] GET /wp-content/plugins/metform/public/assets/css/style4ae0.css?ver=3.8.6
[2025-09-18T11:24:02.390Z] [INFO] [IP: ::1] [51f25e22-bf38-4691-b26b-9bed6be51375] GET /wp-content/plugins/elementor/assets/lib/animations/styles/e-animation-float.min3dd9.css?ver=3.27.6
[2025-09-18T11:24:02.392Z] [INFO] [IP: ::1] [9d47c791-5927-4f34-a9e0-5b5c83975020] GET /wp-content/plugins/elementor/assets/css/widget-social-icons.min3dd9.css?ver=3.27.6
[2025-09-18T11:24:02.399Z] [INFO] [IP: ::1] [ed714598-dad2-448b-a3aa-c69d1e7c34e7] GET /wp-content/uploads/elementor/css/custom-apple-webkit.minafe1.css?ver=1740568210
[2025-09-18T11:24:02.422Z] [INFO] [IP: ::1] [0303e853-cfb2-43ac-9e76-22889338ab4c] GET /wp-content/uploads/elementor/css/custom-widget-icon-list.minafe1.css?ver=1740568210
[2025-09-18T11:24:02.423Z] [INFO] [IP: ::1] [335e6a3b-1daa-47a5-b0d4-ccf6982a95c5] GET /wp-content/uploads/elementor/css/post-175afe1.css?ver=1740568210
[2025-09-18T11:24:02.424Z] [INFO] [IP: ::1] [91751bd5-06ec-40f2-918c-88e9966d82b3] GET /wp-content/plugins/click-to-chat-for-whatsapp/new/inc/assets/js/app5048.js?ver=4.17
[2025-09-18T11:24:02.426Z] [INFO] [IP: ::1] [15380bd2-0eab-4ce0-b9ff-5694d226111c] GET /wp-content/plugins/themesflat-addons-for-elementor/assets/js/anime.mind1c0.js?ver=6.7.2
[2025-09-18T11:24:02.438Z] [INFO] [IP: ::1] [26972dcc-9f7f-4c28-9f1c-aac095d26d37] GET /wp-content/plugins/themesflat-addons-for-elementor/assets/js/textanimationd1c0.js?ver=6.7.2
[2025-09-18T11:24:02.444Z] [INFO] [IP: ::1] [fbf3fefe-04df-4c6f-a22c-aa6606c204c5] GET /wp-content/plugins/embedpress/assets/js/frontf8f5.js?ver=4.1.10
[2025-09-18T11:24:02.460Z] [INFO] [IP: ::1] [55a0126e-3246-4e60-a9df-41d5682785cf] GET /wp-includes/js/mediaelement/mediaelement-and-player.min1f61.js?ver=4.2.17
[2025-09-18T11:24:02.465Z] [INFO] [IP: ::1] [587c921e-058b-413b-be77-9b19cf2465bc] GET /wp-includes/js/mediaelement/mediaelement-migrate.mind1c0.js?ver=6.7.2
[2025-09-18T11:24:02.469Z] [INFO] [IP: ::1] [c37a3f1c-4c59-46c9-b1fe-00ba962446f3] GET /wp-includes/js/mediaelement/wp-mediaelement.mind1c0.js?ver=6.7.2
[2025-09-18T11:24:02.481Z] [INFO] [IP: ::1] [c029c9af-5ed5-44bf-adb3-7202f47c40ac] GET /wp-content/plugins/themesflat-addons-for-elementor/assets/js/owl.carousel.mind1c0.js?ver=6.7.2
[2025-09-18T11:24:02.486Z] [INFO] [IP: ::1] [703edda3-16c1-4c9a-bec9-8ff6f4d69261] GET /wp-content/plugins/themesflat-addons-for-elementor/assets/js/jquery.isotope.mind1c0.js?ver=6.7.2
[2025-09-18T11:24:02.489Z] [INFO] [IP: ::1] [39a8682d-51c1-46da-a307-cebcd54d4288] GET /wp-content/plugins/themesflat-addons-for-elementor/assets/js/imagesloaded.pkgd.mind1c0.js?ver=6.7.2
[2025-09-18T11:24:02.515Z] [INFO] [IP: ::1] [ce96256d-d9d2-4a14-b389-d95081b15550] GET /wp-content/plugins/themesflat-addons-for-elementor/assets/js/tf-postd1c0.js?ver=6.7.2
[2025-09-18T11:24:02.518Z] [INFO] [IP: ::1] [c6688f54-599c-4fbb-bf56-47b5eb7d5aa9] GET /wp-includes/js/jquery/ui/core.minb37e.js?ver=1.13.3
[2025-09-18T11:24:02.531Z] [INFO] [IP: ::1] [696d6b2c-ccfd-4b77-880a-ba17ee16c2db] GET /wp-includes/js/jquery/ui/mouse.minb37e.js?ver=1.13.3
[2025-09-18T11:24:02.533Z] [INFO] [IP: ::1] [3767942d-e744-4d54-ad1f-fff95e1f7a14] GET /wp-content/plugins/elementor/assets/lib/font-awesome/webfonts/fa-solid-900.woff2
[2025-09-18T11:24:02.535Z] [INFO] [IP: ::1] [d623f912-13f7-4641-a0fb-1a19cf426cb0] GET /wp-content/plugins/elementor/assets/lib/eicons/fonts/eicons6feb.woff2?5.35.0
[2025-09-18T11:24:02.547Z] [INFO] [IP: ::1] [3373edbf-7648-4606-9b51-c4147cef9304] GET /wp-includes/js/jquery/ui/slider.minb37e.js?ver=1.13.3
[2025-09-18T11:24:02.568Z] [INFO] [IP: ::1] [93e32397-69ba-4fb8-b8cb-0e951f6eb01a] GET /wp-content/plugins/the-plus-addons-for-elementor-page-builder/assets/js/main/heading-animation/plus-heading-animation.minc268.js?ver=1740573045
[2025-09-18T11:24:02.575Z] [INFO] [IP: ::1] [ed74fdc8-a206-43bf-8b05-5e77d439d3d7] GET /wp-content/plugins/metform/public/assets/lib/cute-alert/cute-alert4ae0.js?ver=3.8.6
[2025-09-18T11:24:02.579Z] [INFO] [IP: ::1] [22bb180e-be59-4d71-8154-b871bc809654] GET /wp-content/themes/hello-elementor/assets/js/hello-frontend.min9b70.js?ver=3.3.0
[2025-09-18T11:24:02.582Z] [INFO] [IP: ::1] [bff40d3f-47de-4a28-8ed3-9dfafe378282] GET /wp-content/plugins/elementskit-lite/libs/framework/assets/js/frontend-scriptedb1.js?ver=3.4.4
[2025-09-18T11:24:02.584Z] [INFO] [IP: ::1] [0ac7b6f7-1f2e-4597-bd15-3974913c7187] GET /wp-content/plugins/elementskit-lite/widgets/init/assets/js/widget-scriptsedb1.js?ver=3.4.4
[2025-09-18T11:24:02.586Z] [INFO] [IP: ::1] [d3f799e8-0aa3-4d1b-93b4-f57a5f25c843] GET /wp-content/plugins/themesflat-addons-for-elementor/assets/js/tf-navmenud1c0.js?ver=6.7.2
[2025-09-18T11:24:02.607Z] [INFO] [IP: ::1] [12f685c7-0d4e-48bc-bf1c-96505458eeac] GET /wp-content/plugins/elementor/assets/lib/font-awesome/js/v4-shims.min3dd9.js?ver=3.27.6
[2025-09-18T11:24:02.615Z] [INFO] [IP: ::1] [eca8e3c5-3eda-4209-b159-b6d5abbd31d9] GET /wp-content/plugins/metform/public/assets/js/htm4ae0.js?ver=3.8.6
[2025-09-18T11:24:02.620Z] [INFO] [IP: ::1] [7940093f-fa3c-48cd-8fde-2b85be77b6be] GET /wp-includes/js/dist/vendor/react.mine1ab.js?ver=18.3.1.1
[2025-09-18T11:24:02.626Z] [INFO] [IP: ::1] [a374a80c-ab05-4ecd-9174-183274792561] GET /wp-includes/js/dist/vendor/react-dom.mine1ab.js?ver=18.3.1.1
[2025-09-18T11:24:02.629Z] [INFO] [IP: ::1] [9d7f3a91-e0e5-4c61-bf57-7e61ec323eef] GET /wp-includes/js/dist/escape-html.min3a9d.js?ver=6561a406d2d232a6fbd2
[2025-09-18T11:24:02.639Z] [INFO] [IP: ::1] [b28d648b-c97d-43fa-9383-cfa0deefdc4e] GET /wp-includes/js/dist/element.min1596.js?ver=cb762d190aebbec25b27
[2025-09-18T11:24:02.651Z] [INFO] [IP: ::1] [b34ed2fa-ca7b-4fc6-84e9-7a82d3ae4571] GET /wp-content/plugins/metform/public/assets/js/app4ae0.js?ver=3.8.6
[2025-09-18T11:24:02.659Z] [INFO] [IP: ::1] [3f6f2c5c-ad7d-4659-ab33-cd7c6b2bc47c] GET /wp-content/plugins/elementor/assets/js/webpack.runtime.min3dd9.js?ver=3.27.6
[2025-09-18T11:24:02.661Z] [INFO] [IP: ::1] [ab6066b9-9d9d-41c1-8a9b-cecf8586d405] GET /wp-content/plugins/elementor/assets/js/frontend-modules.min3dd9.js?ver=3.27.6
[2025-09-18T11:24:02.668Z] [INFO] [IP: ::1] [328676aa-933c-4676-8136-636921120cf8] GET /wp-content/plugins/elementor/assets/js/frontend.min3dd9.js?ver=3.27.6
[2025-09-18T11:24:02.672Z] [INFO] [IP: ::1] [ba1858bb-7d4c-42c5-b030-9adeaa6dfde8] GET /wp-content/plugins/elementskit-lite/widgets/init/assets/js/animate-circle.minedb1.js?ver=3.4.4
[2025-09-18T11:24:02.681Z] [INFO] [IP: ::1] [c6362487-6a21-4880-aba8-baf39ef318d5] GET /wp-content/plugins/elementskit-lite/widgets/init/assets/js/elementoredb1.js?ver=3.4.4
[2025-09-18T11:24:02.689Z] [INFO] [IP: ::1] [9623e587-816d-481e-ac06-0de8ded5e1f4] GET /wp-content/uploads/2023/12/line-1.jpg
[2025-09-18T11:24:02.702Z] [INFO] [IP: ::1] [af4ab758-6f18-4797-8805-4d882b3c7d8d] GET /wp-content/uploads/2023/12/f-logo-drh.png
[2025-09-18T11:24:02.709Z] [INFO] [IP: ::1] [293ac652-4af0-4838-b4a5-f032f5ea4602] GET /www.instagram.com/embed.js
[2025-09-18T11:24:02.716Z] [INFO] [IP: ::1] [7d23e0e4-f06b-4ec0-93fd-065523731d26] GET /wp-content/uploads/2023/12/bg-24.png
[2025-09-18T11:24:02.730Z] [INFO] [IP: ::1] [d6177328-24c2-4aa4-ac4b-dc534bf1a92e] GET /wp-content/uploads/2023/12/building-2.png
[2025-09-18T11:24:02.737Z] [INFO] [IP: ::1] [3a85f5ba-b55b-4329-af0a-e355081d1df1] GET /wp-content/uploads/2023/12/image012.jpg
[2025-09-18T11:24:02.744Z] [INFO] [IP: ::1] [bdd927bd-793a-46b7-8a21-685df550d87e] GET /wp-content/uploads/2023/12/bg-26.png
[2025-09-18T11:24:02.759Z] [INFO] [IP: ::1] [3ec8125d-5448-42be-b9ad-02470f9b9e2c] GET /wp-content/uploads/2023/12/image2-50.jpg
[2025-09-18T11:24:02.769Z] [INFO] [IP: ::1] [f6f8ad4c-d1d8-409e-9f97-549fca81b373] GET /wp-content/uploads/2023/12/image055.jpg
[2025-09-18T11:24:02.770Z] [INFO] [IP: ::1] [9657faeb-245c-4e43-8328-4ab9c769bf86] GET /wp-content/uploads/2023/12/image-72.jpg
[2025-09-18T11:24:02.829Z] [INFO] [IP: ::1] [858b9ddd-cad1-4227-bcb0-d1a93acff556] GET /wp-content/uploads/2024/02/favicon-32x32-1.png
[2025-09-18T11:24:03.012Z] [INFO] [IP: ::1] [225db0bc-5527-4cee-8193-3af66b4dc63f] GET /wp-content/uploads/2024/02/favicon-32x32-1.png
[2025-09-18T11:24:16.808Z] [INFO] [IP: ::1] [48033863-b7f7-4199-86f6-00bd2e427e24] GET /login.html
[2025-09-18T11:24:16.863Z] [INFO] [IP: ::1] [22b30e08-4981-48ce-81aa-1e41d681c050] GET /wp-content/plugins/elementor/assets/lib/font-awesome/css/all.mind1c0.css
[2025-09-18T11:24:16.875Z] [INFO] [IP: ::1] [14f59c06-b139-437b-a709-83222ca8f68f] GET /wp-content/uploads/2023/12/drh-logo.png
[2025-09-18T11:24:17.043Z] [INFO] [IP: ::1] [28d324f2-ffb0-4674-baef-34386b69e075] GET /api/auth/admin/validate
[2025-09-18T11:24:17.068Z] [INFO] [IP: ::1] [1b9aa646-fb23-4768-be67-14941a6f1ec8] GET /wp-content/plugins/elementor/assets/lib/font-awesome/webfonts/fa-solid-900.woff2
[2025-09-18T11:24:17.106Z] [INFO] [IP: ::1] [fdccd5fc-9581-4152-ae3a-0cbec3465514] GET /favicon.ico
[2025-09-18T11:24:42.982Z] [INFO] [IP: ::1] [d46dde9b-9334-495c-8646-0db206f8c80e] POST /api/auth/admin/login
[2025-09-18T11:24:43.160Z] [INFO] [IP: ::1] [a5946b9a-00b9-4250-93c4-cec9c3be65f4] GET /admin-panel.html
[2025-09-18T11:24:43.233Z] [INFO] [IP: ::1] [144d0d9a-57cb-462f-9031-80d936bee5ba] GET /wp-content/plugins/elementor/assets/lib/font-awesome/css/all.mind1c0.css
[2025-09-18T11:24:43.258Z] [INFO] [IP: ::1] [6106622e-7957-4c5e-968f-71a79507dcdc] GET /admin.css
[2025-09-18T11:24:43.346Z] [INFO] [IP: ::1] [1f1179b5-4a4b-4689-b222-db89eb03deef] GET /navigation.js
[2025-09-18T11:24:43.412Z] [INFO] [IP: ::1] [b7921571-d05b-45c4-b643-bf3501d3bc71] GET /utils.js
[2025-09-18T11:24:43.413Z] [INFO] [IP: ::1] [80d30443-0c53-4726-a3bb-d758ec3daa6e] GET /search-handlers.js
[2025-09-18T11:24:43.414Z] [INFO] [IP: ::1] [4118a0ed-8144-487d-aba3-54b5ff50cffd] GET /action-handlers.js
[2025-09-18T11:24:43.415Z] [INFO] [IP: ::1] [a28578c2-5fda-4071-88f1-89baf7905c1f] GET /user-handlers.js
[2025-09-18T11:24:43.416Z] [INFO] [IP: ::1] [01b6de6f-59c5-4723-8ee8-74e366375f73] GET /payment-schedule.js
[2025-09-18T11:24:43.416Z] [INFO] [IP: ::1] [68d555dd-f34b-47ec-afa2-c277d5a3c28e] GET /transaction-handlers.js
[2025-09-18T11:24:43.436Z] [INFO] [IP: ::1] [924c8247-dfe0-4d24-85ec-1134c2d27bdb] GET /file-upload-handlers.js
[2025-09-18T11:24:43.438Z] [INFO] [IP: ::1] [71e0c44a-50be-4606-b077-9fe7cd1c36f1] GET /user-modal.js
[2025-09-18T11:24:43.439Z] [INFO] [IP: ::1] [4ccb850f-0c8c-49ce-b129-36a74085a4e3] GET /transaction.js
[2025-09-18T11:24:43.440Z] [INFO] [IP: ::1] [cfb2c150-7aea-4fa5-80a6-11d8339284b2] GET /menu.js
[2025-09-18T11:24:43.441Z] [INFO] [IP: ::1] [f90764e0-7b56-452c-89ae-a3f52a4ac427] GET /wp-content/plugins/elementor/assets/lib/font-awesome/webfonts/fa-solid-900.woff2
[2025-09-18T11:24:43.444Z] [INFO] [IP: ::1] [2d5473ca-9462-4512-bea5-033091421841] GET /user-management.js
[2025-09-18T11:24:43.452Z] [INFO] [IP: ::1] [ea2f37ea-cb13-48d0-9fc0-b247e8d6172f] GET /main.js
[2025-09-18T11:24:43.453Z] [INFO] [IP: ::1] [3e073503-c5d8-4f3e-8f89-3e6c3d31702b] GET /transaction-management.js
[2025-09-18T11:24:43.457Z] [INFO] [IP: ::1] [20ac4a4e-e3be-4ed8-a014-822631ad9ed3] GET /file-upload.js
[2025-09-18T11:24:43.458Z] [INFO] [IP: ::1] [a2999c53-e2ec-4211-82c2-b6622cace45b] GET /init-handlers.js
[2025-09-18T11:24:43.459Z] [INFO] [IP: ::1] [2bda2f31-e6c3-4be3-8e94-c431121d519b] GET /init.js
[2025-09-18T11:24:43.462Z] [INFO] [IP: ::1] [54275fa5-b71e-4334-aeaf-e6cc9acc9184] GET /api-utils.js
[2025-09-18T11:24:43.470Z] [INFO] [IP: ::1] [fef820c9-b3d7-4130-b92c-2753858cc4c3] GET /currency-converter.js
[2025-09-18T11:24:43.472Z] [INFO] [IP: ::1] [d6f3144e-c4e4-4257-bcb9-66ad244c3307] GET /modal.js
[2025-09-18T11:24:43.476Z] [INFO] [IP: ::1] [351ca3e8-49d1-42ee-8acb-8fd0a58d65f9] GET /modal-handlers.js
[2025-09-18T11:24:43.505Z] [INFO] [IP: ::1] [d0e5ccae-67b9-44ae-bccd-cfb83158cac5] GET /api/auth/admin/validate
[2025-09-18T11:24:43.513Z] [INFO] [IP: ::1] [a1c1930b-6ce0-446a-b685-1166a2722941] GET /api/v1/admin/transactions?page=1&limit=10
[2025-09-18T11:24:43.535Z] [INFO] [IP: ::1] [449f607a-4590-45bb-afd7-213ab7573372] GET /api/v1/admin/transactions?page=1&limit=10
[2025-09-18T11:24:43.542Z] [INFO] [IP: ::1] [d5d5210a-a823-43fb-a6ab-a37fe9221557] GET /api/v1/admin/transactions?page=1&limit=1
[2025-09-18T11:24:43.543Z] [INFO] [IP: ::1] [f223fdf8-cf55-43a7-9813-1e787578f6f7] GET /api/v1/admin/users?status=active
[2025-09-18T11:24:43.557Z] [INFO] [IP: ::1] [333566bd-ac83-4390-a4bf-8b2f056cf92c] GET /favicon.ico
[2025-09-18T11:24:47.293Z] [INFO] [IP: ::1] [b825b2c9-30e9-4b4d-9ed2-9f9f8d5ce01d] GET /api/v1/admin/users?status=active
[2025-09-18T11:24:50.385Z] [INFO] [IP: ::1] [bfa900f6-aba2-4b47-b443-e2709e604b4a] GET /api/v1/admin/users?status=archived
[2025-09-18T11:24:52.020Z] [INFO] [IP: ::1] [2048b8b9-b9cb-4f23-840d-3ae57d22259a] GET /api/v1/admin/transactions?page=1&limit=10
[2025-09-18T11:24:52.950Z] [INFO] [IP: ::1] [cafc7cda-725c-433a-b00b-2bb10f58e570] GET /api/v1/admin/users?status=active
[2025-09-18T11:24:54.607Z] [INFO] [IP: ::1] [aa12e67d-b5e4-4e05-9cb7-9ab6a5fa1db7] GET /api/v1/admin/users/7
[2025-09-18T11:24:56.962Z] [INFO] [IP: ::1] [0da28036-d9ea-45c3-a8c9-1755514419c1] GET /wp-content/plugins/elementor/assets/lib/font-awesome/css/all.mind1c0.css
[2025-09-18T11:24:56.968Z] [INFO] [IP: ::1] [765b45ba-bdf1-4cf9-99a7-4225804a8359] GET /admin.css
[2025-09-18T11:24:56.994Z] [INFO] [IP: ::1] [8a699529-aeed-4cd2-8bf5-d3dba6637c60] GET /.well-known/appspecific/com.chrome.devtools.json
[2025-09-18T11:25:02.486Z] [INFO] [IP: ::1] [6f813c29-7826-4bd0-a69f-928efe095313] GET /api/v1/admin/transactions?page=1&limit=10
[2025-09-18T11:25:03.270Z] [INFO] [IP: ::1] [2319bcd2-cf32-4791-bdbe-a6e8948e6251] GET /api/v1/admin/users?status=active
[2025-09-18T11:25:06.755Z] [INFO] [IP: ::1] [4158b915-3313-4228-b462-9088b1b10538] GET /api/v1/admin/users?status=archived
[2025-09-18T11:25:08.213Z] [INFO] [IP: ::1] [232df0c5-38d6-4c0f-bc06-cd813ba02db2] GET /api/v1/admin/users/6
[2025-09-18T11:25:09.671Z] [INFO] [IP: ::1] [0390505e-2cb8-4b58-9a60-4ad21c7b8315] GET /api/v1/admin/users?status=active
[2025-09-18T11:25:10.707Z] [INFO] [IP: ::1] [3234a061-1ec0-4cbc-b3e9-521389ff5fb5] GET /api/v1/admin/users/7
[2025-09-18T11:25:10.884Z] [INFO] [IP: ::1] [fefad848-933e-44fc-80a6-18505ca0bfc4] GET /api/v1/admin/users/7
[2025-09-18T11:25:11.079Z] [INFO] [IP: ::1] [ca262d2c-0b81-4f28-a015-4bd7bfd34118] GET /api/v1/admin/users/7
[2025-09-18T11:25:13.248Z] [INFO] [IP: ::1] [8803233d-d285-44b2-ab75-3d183c57650b] POST /api/v1/admin/users/7/archive
[2025-09-18T11:25:13.267Z] [INFO] [IP: ::1] [5ea321af-ab06-45f9-b5c2-3f45043b8f70] GET /api/v1/admin/users?status=active
[2025-09-18T11:25:15.748Z] [INFO] [IP: ::1] [74bb10cb-2bc1-4888-a434-36d48b49b5c7] GET /api/v1/admin/users?status=archived
[2025-09-18T11:25:18.361Z] [INFO] [IP: ::1] [f58e9a22-1a36-4ea5-995c-3e141f020695] POST /api/v1/admin/users/6/unarchive
[2025-09-18T11:25:18.914Z] [INFO] [IP: ::1] [10306e7d-0953-484e-a520-3923bc84596d] POST /api/v1/admin/users/6/unarchive
[2025-09-18T11:25:21.949Z] [INFO] [IP: ::1] [f5479f9c-4c7d-459a-a41d-08c9a975757b] GET /api/v1/admin/users?status=archived
[2025-09-18T11:25:33.106Z] [INFO] [IP: ::1] [a3485ae8-5d29-469a-9f82-3a0250a1d7bb] GET /
[2025-09-18T11:25:33.258Z] [INFO] [IP: ::1] [b8f478ac-fb8a-45ae-958a-8087a3a07a29] GET /wp-content/plugins/click-to-chat-for-whatsapp/new/inc/assets/css/main5048.css?ver=4.17
[2025-09-18T11:25:33.288Z] [INFO] [IP: ::1] [db799a5c-74d4-4ce3-8337-fe26ffd77f47] GET /wp-content/plugins/themesflat-addons-for-elementor/assets/css/tf-header-footerd1c0.css?ver=6.7.2
[2025-09-18T11:25:33.366Z] [INFO] [IP: ::1] [f9ff3407-7c43-43e8-a1f8-aae9499dfe46] GET /wp-content/uploads/elementor/css/custom-widget-image-box.minafe1.css?ver=1740568210
[2025-09-18T11:25:33.441Z] [INFO] [IP: ::1] [fd248dce-1a15-4970-aaed-78b5f3db87cf] GET /wp-content/plugins/elementor/assets/css/widget-social-icons.min2401.css?ver=3.24.0
[2025-09-18T11:25:33.486Z] [INFO] [IP: ::1] [1733e8a6-eb62-490c-aee9-6e4138f36542] GET /wp-content/plugins/header-footer-elementor/assets/css/header-footer-elementor3601.css?ver=2.2.0
[2025-09-18T11:25:33.487Z] [INFO] [IP: ::1] [73f569ed-ba7c-4f4e-9d87-be09f800aa36] GET /wp-content/uploads/elementor/css/custom-frontend.minafe1.css?ver=1740568210
[2025-09-18T11:25:33.504Z] [INFO] [IP: ::1] [09669c91-1b22-49c4-9c54-396ca3c874f8] GET /wp-content/uploads/elementor/css/post-8afe1.css?ver=1740568210
[2025-09-18T11:25:33.505Z] [INFO] [IP: ::1] [e53d2ec1-4998-46ab-b795-cc7529cd9253] GET /wp-content/plugins/elementor/assets/css/widget-heading.min3dd9.css?ver=3.27.6
[2025-09-18T11:25:33.506Z] [INFO] [IP: ::1] [77e70511-cbc9-45c7-8d32-e380220d3e58] GET /wp-content/plugins/elementor/assets/css/widget-image.min3dd9.css?ver=3.27.6
[2025-09-18T11:25:33.508Z] [INFO] [IP: ::1] [23858ca8-c9b7-4ae6-9612-027d1ce0f346] GET /wp-content/plugins/elementor/assets/css/widget-text-editor.min3dd9.css?ver=3.27.6
[2025-09-18T11:25:33.517Z] [INFO] [IP: ::1] [40e7ef63-00c4-48e9-ad12-ac9e7cc7e46f] GET /wp-content/plugins/elementor/assets/lib/animations/styles/fadeInUp.min3dd9.css?ver=3.27.6
[2025-09-18T11:25:33.520Z] [INFO] [IP: ::1] [4531d631-694a-4004-9a8f-12d77108d1e1] GET /wp-includes/js/mediaelement/mediaelementplayer-legacy.min1f61.css?ver=4.2.17
[2025-09-18T11:25:33.522Z] [INFO] [IP: ::1] [01e23482-97f2-46fe-852e-3c595a03566f] GET /wp-includes/js/mediaelement/wp-mediaelement.mind1c0.css?ver=6.7.2
[2025-09-18T11:25:33.524Z] [INFO] [IP: ::1] [e6e336ce-070e-439a-9067-5a550e0bef80] GET /wp-content/uploads/elementor/css/custom-widget-star-rating.minafe1.css?ver=1740568210
[2025-09-18T11:25:33.525Z] [INFO] [IP: ::1] [20c618c6-f834-4daa-ab7b-8c988e7c4338] GET /wp-content/plugins/elementor/assets/css/widget-divider.min3dd9.css?ver=3.27.6
[2025-09-18T11:25:33.530Z] [INFO] [IP: ::1] [df4f07fd-b7f7-47a0-bbc4-8551ac372429] GET /wp-content/plugins/elementor/assets/lib/animations/styles/zoomIn.min3dd9.css?ver=3.27.6
[2025-09-18T11:25:33.534Z] [INFO] [IP: ::1] [1f8ece4d-1d8a-43ac-be7c-02ef783c1f97] GET /wp-content/plugins/themesflat-addons-for-elementor/assets/css/tf-imageboxd1c0.css?ver=6.7.2
[2025-09-18T11:25:33.539Z] [INFO] [IP: ::1] [e61ce354-166c-4745-ac1e-6524ff9a32e2] GET /wp-content/plugins/themesflat-addons-for-elementor/assets/css/owl.carouseld1c0.css?ver=6.7.2
[2025-09-18T11:25:33.540Z] [INFO] [IP: ::1] [2f873f3a-0ab7-41f0-9cee-c8757ced469f] GET /wp-content/plugins/themesflat-addons-for-elementor/assets/css/tf-postd1c0.css?ver=6.7.2
[2025-09-18T11:25:33.547Z] [INFO] [IP: ::1] [56346fcd-2adc-4448-8822-57668385010b] GET /wp-content/uploads/elementor/css/post-24c268.css?ver=1740573045
[2025-09-18T11:25:33.548Z] [INFO] [IP: ::1] [2bada707-9565-4b72-aa05-bcef8f25d9d9] GET /wp-content/uploads/elementor/css/post-17afe1.css?ver=1740568210
[2025-09-18T11:25:33.553Z] [INFO] [IP: ::1] [75aa8a66-43b5-4799-9d35-9632cc4952de] GET /wp-content/uploads/elementor/css/post-168afe1.css?ver=1740568210
[2025-09-18T11:25:33.561Z] [INFO] [IP: ::1] [32c00582-bc82-4999-ba22-cc9a01c7eef9] GET /wp-content/plugins/the-plus-addons-for-elementor-page-builder/assets/css/main/plus-extra-adv/plus-extra-adv.minc268.css?ver=1740573045
[2025-09-18T11:25:33.565Z] [INFO] [IP: ::1] [dfa2dab5-c47c-46b4-a9df-3a77d89da6f7] GET /wp-content/plugins/the-plus-addons-for-elementor-page-builder/assets/css/main/heading-animation/tp-heading-animationc268.css?ver=1740573045
[2025-09-18T11:25:33.566Z] [INFO] [IP: ::1] [a4b9b002-5069-4d40-ade4-fb1e26f1284b] GET /wp-content/plugins/the-plus-addons-for-elementor-page-builder/assets/css/main/heading-animation/heading-animation-style-3c268.css?ver=1740573045
[2025-09-18T11:25:33.571Z] [INFO] [IP: ::1] [725c02a3-5c9b-4fd0-a3c7-39c1e53e7005] GET /wp-content/plugins/metform/public/assets/lib/cute-alert/style4ae0.css?ver=3.8.6
[2025-09-18T11:25:33.574Z] [INFO] [IP: ::1] [89d6fdbf-199d-4284-a34e-36266257b293] GET /wp-content/plugins/metform/public/assets/css/text-editor4ae0.css?ver=3.8.6
[2025-09-18T11:25:33.575Z] [INFO] [IP: ::1] [e51c29db-fb07-4c41-8456-51cf3c9e87df] GET /wp-content/themes/hello-elementor/style.min9b70.css?ver=3.3.0
[2025-09-18T11:25:33.589Z] [INFO] [IP: ::1] [cd034d40-f6c8-4751-93e3-06998da9a5c5] GET /wp-content/themes/hello-elementor/theme.min9b70.css?ver=3.3.0
[2025-09-18T11:25:33.593Z] [INFO] [IP: ::1] [99ce0e4b-61f1-48fd-8057-e851a657e066] GET /wp-content/themes/hello-elementor/header-footer.min9b70.css?ver=3.3.0
[2025-09-18T11:25:33.595Z] [INFO] [IP: ::1] [d21facbf-7f1c-425d-9c47-a1b674d2c922] GET /wp-includes/css/dashicons.mind1c0.css?ver=6.7.2
[2025-09-18T11:25:33.598Z] [INFO] [IP: ::1] [550298ff-4a42-4f2c-8aed-58111983f917] GET /wp-content/plugins/elementor/assets/lib/eicons/css/elementor-icons.min705c.css?ver=5.34.0
[2025-09-18T11:25:33.599Z] [INFO] [IP: ::1] [df10b891-c4cd-464f-9bca-824e69719bdc] GET /wp-content/plugins/elementor/assets/css/widget-icon-list.min44b4.css?ver=3.24.3
[2025-09-18T11:25:33.600Z] [INFO] [IP: ::1] [4486152e-ac90-486e-8dca-59e01722843b] GET /wp-content/plugins/elementor/assets/lib/font-awesome/css/brands52d5.css?ver=5.15.3
[2025-09-18T11:25:33.606Z] [INFO] [IP: ::1] [c6fe933b-e6cd-491c-9edf-a9c100deb61d] GET /wp-content/plugins/elementor/assets/lib/font-awesome/css/fontawesome52d5.css?ver=5.15.3
[2025-09-18T11:25:33.615Z] [INFO] [IP: ::1] [a1e9be5c-a2c6-4a32-936b-a64f29793a48] GET /wp-content/plugins/elementor/assets/lib/font-awesome/css/solid52d5.css?ver=5.15.3
[2025-09-18T11:25:33.619Z] [INFO] [IP: ::1] [d0fa340a-29d3-4b10-83ce-d84c48b903bd] GET /wp-content/plugins/elementskit-lite/widgets/init/assets/css/widget-stylesedb1.css?ver=3.4.4
[2025-09-18T11:25:33.622Z] [INFO] [IP: ::1] [14a7682c-5c51-4d1b-858b-280654687c9c] GET /wp-content/plugins/elementskit-lite/widgets/init/assets/css/responsiveedb1.css?ver=3.4.4
[2025-09-18T11:25:33.623Z] [INFO] [IP: ::1] [51babb7a-dd5b-4e99-b663-1fbe481282a5] GET /wp-content/plugins/elementskit-lite/modules/elementskit-icon-pack/assets/css/ekiticonsedb1.css?ver=3.4.4
[2025-09-18T11:25:33.626Z] [INFO] [IP: ::1] [ca0eeec0-f5e0-44f7-9087-2278a2ebcdae] GET /wp-content/plugins/header-footer-elementor/inc/widgets-css/frontend3601.css?ver=2.2.0
[2025-09-18T11:25:33.628Z] [INFO] [IP: ::1] [1d9166e4-c724-4b6b-a59c-005657317174] GET /wp-content/plugins/elementor/assets/lib/font-awesome/css/all.mind1c0.css?ver=6.7.2
[2025-09-18T11:25:33.641Z] [INFO] [IP: ::1] [f7433b6f-ea8c-4dc8-b14d-e7fc11dcd2fb] GET /wp-content/plugins/elementor/assets/lib/font-awesome/css/regular.mind1c0.css?ver=6.7.2
[2025-09-18T11:25:33.649Z] [INFO] [IP: ::1] [b40c4b45-f66c-4728-bf6b-fa0c1308c0aa] GET /wp-content/plugins/embedpress/assets/css/embedpressd1c0.css?ver=6.7.2
[2025-09-18T11:25:33.651Z] [INFO] [IP: ::1] [10945c6a-c699-462b-839a-63166110542d] GET /wp-includes/js/jquery/jquery.minf43b.js?ver=3.7.1
[2025-09-18T11:25:33.661Z] [INFO] [IP: ::1] [36fbf38e-dba1-4bb3-8e3e-142ff313a0ba] GET /wp-includes/js/jquery/jquery-migrate.min5589.js?ver=3.4.1
[2025-09-18T11:25:33.662Z] [INFO] [IP: ::1] [63a9d220-f58b-4e5e-9447-7fc9ef4c1681] GET /wp-content/plugins/elementor/assets/lib/swiper/swiper.mind1c0.html?ver=6.7.2
[2025-09-18T11:25:33.676Z] [INFO] [IP: ::1] [e1d83fbe-9a07-41cb-8cb7-6b29b6534757] GET /wp-content/uploads/2023/12/image-82.jpg
[2025-09-18T11:25:33.684Z] [INFO] [IP: ::1] [7cbf2b10-39a4-4b42-9fb2-01783f88d1f6] GET /wp-content/uploads/2023/12/drh-logo.png
[2025-09-18T11:25:33.690Z] [INFO] [IP: ::1] [b5fd0d1f-97c3-47b3-8802-a424cf92bc84] GET /wp-content/uploads/2024/02/drh-hero-bg1.jpg
[2025-09-18T11:25:33.760Z] [INFO] [IP: ::1] [4d2436b7-95e2-4e65-bcfa-996c07d44a71] GET /wp-content/uploads/2024/02/DH-hero-bg-img.jpg
[2025-09-18T11:25:33.762Z] [INFO] [IP: ::1] [24b047ba-1841-42f9-beec-c9903b047001] GET /wp-content/plugins/themesflat-addons-for-elementor/assets/css/tf-navmenud1c0.css?ver=6.7.2
[2025-09-18T11:25:33.774Z] [INFO] [IP: ::1] [ccfa2b94-72a3-422d-9d19-c6a5afcd8c47] GET /wp-content/plugins/elementor/assets/lib/animations/styles/e-animation-grow.min3dd9.css?ver=3.27.6
[2025-09-18T11:25:33.778Z] [INFO] [IP: ::1] [9cf3cbee-285a-4fac-937e-3cd749df5761] GET /wp-content/plugins/elementor/assets/lib/font-awesome/css/all.min3dd9.css?ver=3.27.6
[2025-09-18T11:25:33.785Z] [INFO] [IP: ::1] [e08afbb2-adda-4ad6-b317-41f53dc1bd57] GET /wp-content/plugins/elementor/assets/lib/font-awesome/css/v4-shims.min3dd9.css?ver=3.27.6
[2025-09-18T11:25:33.791Z] [INFO] [IP: ::1] [734ce651-83a4-4ab7-9f69-030a089ec7a8] GET /wp-content/plugins/metform/public/assets/css/metform-ui4ae0.css?ver=3.8.6
[2025-09-18T11:25:33.798Z] [INFO] [IP: ::1] [a3897700-8e00-499f-8809-dabf38c569f9] GET /wp-content/plugins/metform/public/assets/css/style4ae0.css?ver=3.8.6
[2025-09-18T11:25:33.816Z] [INFO] [IP: ::1] [02db6c93-973b-45bf-96ba-96207f338d41] GET /wp-content/plugins/elementor/assets/lib/animations/styles/e-animation-float.min3dd9.css?ver=3.27.6
[2025-09-18T11:25:33.821Z] [INFO] [IP: ::1] [233c062d-dc1b-4b2d-9a6e-b8fb3aabc839] GET /wp-content/plugins/elementor/assets/css/widget-social-icons.min3dd9.css?ver=3.27.6
[2025-09-18T11:25:33.834Z] [INFO] [IP: ::1] [01ae4573-15c2-4aac-b12b-269360199e9d] GET /wp-content/uploads/elementor/css/custom-apple-webkit.minafe1.css?ver=1740568210
[2025-09-18T11:25:33.840Z] [INFO] [IP: ::1] [157ee075-6fe1-4c9c-b0e1-57c73a51d3a2] GET /wp-content/uploads/elementor/css/custom-widget-icon-list.minafe1.css?ver=1740568210
[2025-09-18T11:25:33.841Z] [INFO] [IP: ::1] [2ad85562-181a-4de9-b371-43558502ab4f] GET /wp-content/uploads/elementor/css/post-175afe1.css?ver=1740568210
[2025-09-18T11:25:33.842Z] [INFO] [IP: ::1] [acdec233-28e0-40bc-835d-2d263beb4a4e] GET /wp-content/plugins/click-to-chat-for-whatsapp/new/inc/assets/js/app5048.js?ver=4.17
[2025-09-18T11:25:33.843Z] [INFO] [IP: ::1] [b0788352-bf3f-4514-88ce-5acfc066ba6e] GET /wp-content/plugins/themesflat-addons-for-elementor/assets/js/anime.mind1c0.js?ver=6.7.2
[2025-09-18T11:25:33.849Z] [INFO] [IP: ::1] [15c94c40-8456-4a2a-baf4-8ae8481f27e4] GET /wp-content/plugins/themesflat-addons-for-elementor/assets/js/textanimationd1c0.js?ver=6.7.2
[2025-09-18T11:25:33.854Z] [INFO] [IP: ::1] [5d908479-9c8a-4136-9219-2d2d0e8b6770] GET /wp-content/plugins/embedpress/assets/js/frontf8f5.js?ver=4.1.10
[2025-09-18T11:25:33.855Z] [INFO] [IP: ::1] [77a7a2f2-3494-4ab1-8a23-c061d41e0dea] GET /wp-includes/js/mediaelement/mediaelement-and-player.min1f61.js?ver=4.2.17
[2025-09-18T11:25:33.862Z] [INFO] [IP: ::1] [04eef037-74e1-4cd4-ba4e-a0e21ecbc52f] GET /wp-includes/js/mediaelement/mediaelement-migrate.mind1c0.js?ver=6.7.2
[2025-09-18T11:25:33.864Z] [INFO] [IP: ::1] [0df74251-2502-4ac8-ad5c-8c033a239d65] GET /wp-includes/js/mediaelement/wp-mediaelement.mind1c0.js?ver=6.7.2
[2025-09-18T11:25:33.865Z] [INFO] [IP: ::1] [44a5d7cb-26f8-4e82-97a2-c3be26020cc9] GET /wp-content/plugins/themesflat-addons-for-elementor/assets/js/owl.carousel.mind1c0.js?ver=6.7.2
[2025-09-18T11:25:33.872Z] [INFO] [IP: ::1] [7d98eabd-fe23-4fb4-8cd4-a4ac0da73ae4] GET /wp-content/plugins/themesflat-addons-for-elementor/assets/js/jquery.isotope.mind1c0.js?ver=6.7.2
[2025-09-18T11:25:33.876Z] [INFO] [IP: ::1] [085c93ac-74c2-4806-9634-a9ba5b8be556] GET /wp-content/plugins/themesflat-addons-for-elementor/assets/js/imagesloaded.pkgd.mind1c0.js?ver=6.7.2
[2025-09-18T11:25:33.878Z] [INFO] [IP: ::1] [14fed9af-d557-4e29-b01a-0ca292f9e459] GET /wp-content/plugins/themesflat-addons-for-elementor/assets/js/tf-postd1c0.js?ver=6.7.2
[2025-09-18T11:25:33.887Z] [INFO] [IP: ::1] [61fe19d0-487f-4399-9004-09dae7c1bd32] GET /wp-includes/js/jquery/ui/core.minb37e.js?ver=1.13.3
[2025-09-18T11:25:33.888Z] [INFO] [IP: ::1] [e5325171-6a0a-4d91-a54a-ac5b440aeedb] GET /wp-includes/js/jquery/ui/mouse.minb37e.js?ver=1.13.3
[2025-09-18T11:25:33.892Z] [INFO] [IP: ::1] [1f734dca-ca3e-42a2-8c29-8e798e7425bd] GET /wp-includes/js/jquery/ui/slider.minb37e.js?ver=1.13.3
[2025-09-18T11:25:33.895Z] [INFO] [IP: ::1] [6e9a91bf-4d1e-48ab-9841-a1be5b8fd64a] GET /wp-content/plugins/the-plus-addons-for-elementor-page-builder/assets/js/main/heading-animation/plus-heading-animation.minc268.js?ver=1740573045
[2025-09-18T11:25:33.898Z] [INFO] [IP: ::1] [912c95d4-d744-495a-9208-71847deb2411] GET /wp-content/plugins/metform/public/assets/lib/cute-alert/cute-alert4ae0.js?ver=3.8.6
[2025-09-18T11:25:33.901Z] [INFO] [IP: ::1] [8a464853-deb8-469e-bd18-c3bcd2458145] GET /wp-content/themes/hello-elementor/assets/js/hello-frontend.min9b70.js?ver=3.3.0
[2025-09-18T11:25:33.908Z] [INFO] [IP: ::1] [8257df1f-9701-46fe-9afc-5bae25a0ab7e] GET /wp-content/plugins/elementskit-lite/libs/framework/assets/js/frontend-scriptedb1.js?ver=3.4.4
[2025-09-18T11:25:33.910Z] [INFO] [IP: ::1] [4b8ca850-0b89-4302-9ce9-5b0e29d5aa43] GET /wp-content/plugins/elementskit-lite/widgets/init/assets/js/widget-scriptsedb1.js?ver=3.4.4
[2025-09-18T11:25:33.913Z] [INFO] [IP: ::1] [8a80c6ca-496b-4d76-8fa5-fa88f5b38f97] GET /wp-content/plugins/themesflat-addons-for-elementor/assets/js/tf-navmenud1c0.js?ver=6.7.2
[2025-09-18T11:25:33.916Z] [INFO] [IP: ::1] [9f54d1e4-c990-4dfd-a3f2-258c23ce6ebb] GET /wp-content/plugins/elementor/assets/lib/font-awesome/js/v4-shims.min3dd9.js?ver=3.27.6
[2025-09-18T11:25:33.919Z] [INFO] [IP: ::1] [ab983295-08fc-4bc8-99b6-2213dbe2778a] GET /wp-content/plugins/metform/public/assets/js/htm4ae0.js?ver=3.8.6
[2025-09-18T11:25:33.925Z] [INFO] [IP: ::1] [b095f65d-de5a-4a08-bbcd-08c95f055e2b] GET /wp-includes/js/dist/vendor/react.mine1ab.js?ver=18.3.1.1
[2025-09-18T11:25:33.930Z] [INFO] [IP: ::1] [31d76feb-6dab-42f4-913a-8c906ce0e36d] GET /wp-includes/js/dist/vendor/react-dom.mine1ab.js?ver=18.3.1.1
[2025-09-18T11:25:33.936Z] [INFO] [IP: ::1] [9a4ff604-9543-4331-ad73-0d31989d17fb] GET /wp-includes/js/dist/escape-html.min3a9d.js?ver=6561a406d2d232a6fbd2
[2025-09-18T11:25:33.937Z] [INFO] [IP: ::1] [4ac43b1c-df98-444a-9ce7-cc8a3310d960] GET /wp-includes/js/dist/element.min1596.js?ver=cb762d190aebbec25b27
[2025-09-18T11:25:33.939Z] [INFO] [IP: ::1] [9110195e-991f-4c5e-a4a7-de2e3d68f25b] GET /wp-content/plugins/metform/public/assets/js/app4ae0.js?ver=3.8.6
[2025-09-18T11:25:33.941Z] [INFO] [IP: ::1] [357c8baf-aa27-40ed-83eb-2d384c949c9b] GET /wp-content/plugins/elementor/assets/js/webpack.runtime.min3dd9.js?ver=3.27.6
[2025-09-18T11:25:33.947Z] [INFO] [IP: ::1] [d212bc0b-ca77-475d-ad7d-fe67076d2e54] GET /wp-content/plugins/elementor/assets/js/frontend-modules.min3dd9.js?ver=3.27.6
[2025-09-18T11:25:33.950Z] [INFO] [IP: ::1] [5301a2e1-5863-493d-b213-6d26c8a6e827] GET /wp-content/plugins/elementor/assets/js/frontend.min3dd9.js?ver=3.27.6
[2025-09-18T11:25:33.960Z] [INFO] [IP: ::1] [3e649805-100e-4040-86c7-fdc5b3572afa] GET /wp-content/plugins/elementskit-lite/widgets/init/assets/js/animate-circle.minedb1.js?ver=3.4.4
[2025-09-18T11:25:33.961Z] [INFO] [IP: ::1] [fd7992e8-11ec-4911-a044-21def3eddcf6] GET /wp-content/plugins/elementskit-lite/widgets/init/assets/js/elementoredb1.js?ver=3.4.4
[2025-09-18T11:25:33.969Z] [INFO] [IP: ::1] [e407e2f8-1450-4339-9425-d1c8afe5a68b] GET /wp-content/uploads/2023/12/line-1.jpg
[2025-09-18T11:25:33.972Z] [INFO] [IP: ::1] [70e71e04-bf51-46e4-8b3d-6f44a5cc5481] GET /wp-content/uploads/2023/12/f-logo-drh.png
[2025-09-18T11:25:33.974Z] [INFO] [IP: ::1] [1dd2b433-df65-4df0-83bf-45e61d0a1b5b] GET /www.instagram.com/embed.js
[2025-09-18T11:25:33.978Z] [INFO] [IP: ::1] [d9b05206-c759-43bb-a9c2-2aef711b692b] GET /wp-content/uploads/2023/12/bg-24.png
[2025-09-18T11:25:33.979Z] [INFO] [IP: ::1] [b0768e7f-4a2e-482b-9b43-9cbc0b0ca2ed] GET /wp-content/uploads/2023/12/building-2.png
[2025-09-18T11:25:33.982Z] [INFO] [IP: ::1] [0a55f017-4b92-4e8d-b65f-76e723fbd1d6] GET /wp-content/uploads/2023/12/image012.jpg
[2025-09-18T11:25:33.987Z] [INFO] [IP: ::1] [839a24a3-5dc2-46d1-8ff1-67aa9b1f9def] GET /wp-content/uploads/2023/12/bg-26.png
[2025-09-18T11:25:33.990Z] [INFO] [IP: ::1] [caeabfb9-b752-4571-b7e7-4b5073f1a84a] GET /wp-content/uploads/2023/12/image055.jpg
[2025-09-18T11:25:33.993Z] [INFO] [IP: ::1] [94ea8dbb-a779-408b-bd4e-eadfad41f1c1] GET /wp-content/uploads/2023/12/image-72.jpg
[2025-09-18T11:25:34.030Z] [INFO] [IP: ::1] [bb130627-3c30-484b-9387-7ca93cdf7ea5] GET /wp-content/uploads/2023/12/image2-50.jpg
[2025-09-18T11:25:34.035Z] [INFO] [IP: ::1] [ea17d665-b46f-48a3-abe5-a9ffb5af8b5b] GET /wp-content/plugins/elementor/assets/lib/eicons/fonts/eicons6feb.woff2?5.35.0
[2025-09-18T11:25:34.037Z] [INFO] [IP: ::1] [8b1000bc-4a2b-4461-8537-68e410abf4b2] GET /wp-content/plugins/elementor/assets/lib/font-awesome/webfonts/fa-solid-900.woff2
[2025-09-18T11:25:34.186Z] [INFO] [IP: ::1] [f116fbd6-a774-4bf0-9764-99334f3ee518] GET /wp-content/uploads/2024/02/favicon-32x32-1.png
[2025-09-18T11:25:35.868Z] [INFO] [IP: ::1] [c05d606b-e9ac-40fe-b166-80d6615a302d] GET /wp-content/uploads/2023/12/dp-placeholder.jpg
[2025-09-18T11:25:47.435Z] [INFO] [IP: ::1] [88ad1642-986e-4d58-a1e9-489a12c0ed29] GET /wp-content/uploads/2023/12/line-5.png
[2025-09-18T11:25:49.117Z] [INFO] [IP: ::1] [1ed6360f-3703-40ca-aaf8-946c16bc8f0e] GET /wp-content/uploads/2024/02/storage-tank.png
[2025-09-18T11:25:49.127Z] [INFO] [IP: ::1] [b276a2a4-3553-409c-a63e-b4618817982c] GET /wp-content/uploads/2024/02/emergency-exit.png
[2025-09-18T11:25:55.841Z] [INFO] [IP: ::1] [20d08d33-c700-4494-9648-8040a7a4b498] GET /transfer-ownership.html
[2025-09-18T11:25:55.921Z] [INFO] [IP: ::1] [3b24d301-077a-468c-9cda-3aefffe1789a] GET /wp-content/plugins/click-to-chat-for-whatsapp/new/inc/assets/css/main5048.css?ver=4.17
[2025-09-18T11:25:55.957Z] [INFO] [IP: ::1] [f9dc8736-0dfc-43cd-bb4e-f873a48bb9d0] GET /wp-content/plugins/elementor/assets/lib/font-awesome/css/all.mind1c0.css?ver=6.7.2
[2025-09-18T11:25:56.030Z] [INFO] [IP: ::1] [77adf2f2-b1d3-4dae-b317-861a0fa0c0c5] GET /wp-content/themes/hello-elementor/theme.min9b70.css?ver=3.3.0
[2025-09-18T11:25:56.092Z] [INFO] [IP: ::1] [fc4fcbc6-9999-403b-a88d-0e8109d97d33] GET /wp-content/plugins/elementor/assets/lib/font-awesome/css/regular.mind1c0.css?ver=6.7.2
[2025-09-18T11:25:56.095Z] [INFO] [IP: ::1] [fb5b66a7-b3f2-4c22-8c9e-f89a88c65470] GET /wp-content/uploads/elementor/css/custom-frontend.minafe1.css?ver=1740568210
[2025-09-18T11:25:56.125Z] [INFO] [IP: ::1] [f40c19f1-a1cb-4263-8760-e1cc6d4e20da] GET /wp-content/uploads/elementor/css/post-8afe1.css?ver=1740568210
[2025-09-18T11:25:56.127Z] [INFO] [IP: ::1] [fb024f91-a22e-4d27-8f7e-f64e44d509d6] GET /wp-content/uploads/elementor/css/custom-widget-icon-list.minafe1.css?ver=1740568210
[2025-09-18T11:25:56.128Z] [INFO] [IP: ::1] [4a19c263-a0ef-4d7a-b174-60d31f8495ac] GET /wp-content/plugins/elementor/assets/lib/animations/styles/fadeInUp.min3dd9.css?ver=3.27.6
[2025-09-18T11:25:56.130Z] [INFO] [IP: ::1] [2219a930-5ed5-4679-9061-499b3e26c608] GET /wp-content/plugins/elementor/assets/css/widget-heading.min3dd9.css?ver=3.27.6
[2025-09-18T11:25:56.143Z] [INFO] [IP: ::1] [266140ad-f38e-499e-9c3f-760ac00fb8ca] GET /wp-content/plugins/elementor/assets/css/widget-text-editor.min3dd9.css?ver=3.27.6
[2025-09-18T11:25:56.146Z] [INFO] [IP: ::1] [996e8356-071a-4e99-9bc5-667eb8246fa4] GET /wp-content/uploads/elementor/css/post-2515f71.css?ver=1740675948
[2025-09-18T11:25:56.147Z] [INFO] [IP: ::1] [deba51c5-9eab-4cc6-a2c3-98140bc6683b] GET /wp-content/uploads/elementor/css/post-17afe1.css?ver=1740568210
[2025-09-18T11:25:56.149Z] [INFO] [IP: ::1] [ae7a9b94-b37c-40a3-b512-fd4099e40cd4] GET /wp-content/uploads/elementor/css/post-168afe1.css?ver=1740568210
[2025-09-18T11:25:56.150Z] [INFO] [IP: ::1] [4bc0eecc-7646-4385-8afe-d82c441c2832] GET /wp-content/plugins/metform/public/assets/lib/cute-alert/style4ae0.css?ver=3.8.6
[2025-09-18T11:25:56.151Z] [INFO] [IP: ::1] [8cbc2f4e-3099-4504-86aa-386818845982] GET /wp-content/plugins/metform/public/assets/css/text-editor4ae0.css?ver=3.8.6
[2025-09-18T11:25:56.156Z] [INFO] [IP: ::1] [fce89089-12e0-4793-b232-45d89f46b752] GET /wp-content/themes/hello-elementor/style.min9b70.css?ver=3.3.0
[2025-09-18T11:25:56.162Z] [INFO] [IP: ::1] [23101684-5f61-4e6e-84ba-908055b87caf] GET /wp-content/themes/hello-elementor/header-footer.min9b70.css?ver=3.3.0
[2025-09-18T11:25:56.165Z] [INFO] [IP: ::1] [954f4c66-921d-44af-8c25-7bdbe311739f] GET /wp-includes/css/dashicons.mind1c0.css?ver=6.7.2
[2025-09-18T11:25:56.166Z] [INFO] [IP: ::1] [e62d3bcc-101b-42a8-b3bb-1a36063486f9] GET /wp-content/plugins/elementor/assets/lib/eicons/css/elementor-icons.min705c.css?ver=5.34.0
[2025-09-18T11:25:56.170Z] [INFO] [IP: ::1] [928ce9d4-5de4-441f-8b8d-b0f03c4905e1] GET /wp-content/plugins/elementor/assets/css/widget-icon-list.min44b4.css?ver=3.24.3
[2025-09-18T11:25:56.171Z] [INFO] [IP: ::1] [4feb345e-cab6-4d96-9022-468b4f4f7fbe] GET /wp-content/plugins/elementor/assets/css/widget-social-icons.min2401.css?ver=3.24.0
[2025-09-18T11:25:56.174Z] [INFO] [IP: ::1] [3294f790-127b-4c14-b3f8-83f821e169ed] GET /wp-content/plugins/elementor/assets/lib/font-awesome/css/brands52d5.css?ver=5.15.3
[2025-09-18T11:25:56.175Z] [INFO] [IP: ::1] [1aba1f0a-5fb9-4622-96f9-2be33f0efbc7] GET /wp-content/plugins/elementor/assets/lib/font-awesome/css/fontawesome52d5.css?ver=5.15.3
[2025-09-18T11:25:56.185Z] [INFO] [IP: ::1] [3ab8de61-aa93-4694-a938-beeef0afe94c] GET /wp-content/plugins/elementor/assets/lib/font-awesome/css/solid52d5.css?ver=5.15.3
[2025-09-18T11:25:56.193Z] [INFO] [IP: ::1] [1b103d85-1aa9-4b35-8b1a-b9333548e24a] GET /wp-content/plugins/elementskit-lite/widgets/init/assets/css/widget-stylesedb1.css?ver=3.4.4
[2025-09-18T11:25:56.200Z] [INFO] [IP: ::1] [4395ef96-9b93-42d8-9247-7d8e218c36a6] GET /wp-content/plugins/elementskit-lite/widgets/init/assets/css/responsiveedb1.css?ver=3.4.4
[2025-09-18T11:25:56.201Z] [INFO] [IP: ::1] [561cbd41-b5a3-4fdb-8935-1b3e2bbbea98] GET /wp-content/plugins/elementskit-lite/modules/elementskit-icon-pack/assets/css/ekiticonsedb1.css?ver=3.4.4
[2025-09-18T11:25:56.205Z] [INFO] [IP: ::1] [3b355969-f18d-4d32-bfdc-541aa1a68324] GET /wp-content/plugins/header-footer-elementor/inc/widgets-css/frontend3601.css?ver=2.2.0
[2025-09-18T11:25:56.209Z] [INFO] [IP: ::1] [53eb4be2-6de9-4b37-b4cc-9f665ed137e9] GET /wp-content/plugins/themesflat-addons-for-elementor/assets/css/tf-header-footerd1c0.css?ver=6.7.2
[2025-09-18T11:25:56.213Z] [INFO] [IP: ::1] [81245fde-e9fa-42ae-b7b4-d10657e72996] GET /wp-content/plugins/embedpress/assets/css/embedpressd1c0.css?ver=6.7.2
[2025-09-18T11:25:56.217Z] [INFO] [IP: ::1] [cc060dfd-13c4-48d0-b7e9-32f382eb55de] GET /wp-content/plugins/header-footer-elementor/assets/css/header-footer-elementor3601.css?ver=2.2.0
[2025-09-18T11:25:56.220Z] [INFO] [IP: ::1] [818f045a-ccac-492b-9473-39f3bcd14b92] GET /wp-includes/js/jquery/jquery.minf43b.js?ver=3.7.1
[2025-09-18T11:25:56.224Z] [INFO] [IP: ::1] [9436256f-b782-4a2e-9846-bc7b796f9b3a] GET /wp-includes/js/jquery/jquery-migrate.min5589.js?ver=3.4.1
[2025-09-18T11:25:56.228Z] [INFO] [IP: ::1] [e7ddce78-d58f-4f62-bb2f-e4ec161c473d] GET /wp-content/plugins/elementor/assets/lib/swiper/swiper.mind1c0.html?ver=6.7.2
[2025-09-18T11:25:56.234Z] [INFO] [IP: ::1] [7f1d24d3-a5f0-4e93-b335-a1ccd4cc6e53] GET /wp-content/uploads/2023/12/drh-logo.png
[2025-09-18T11:25:56.237Z] [INFO] [IP: ::1] [805b58d6-911c-4eaa-8d6b-1e8b05336021] GET /wp-content/uploads/2023/12/f-logo-drh.png
[2025-09-18T11:25:56.300Z] [INFO] [IP: ::1] [f657df5a-c572-4ae7-a772-5a16e7122122] GET /wp-content/plugins/themesflat-addons-for-elementor/assets/css/tf-navmenud1c0.css?ver=6.7.2
[2025-09-18T11:25:56.301Z] [INFO] [IP: ::1] [748b4734-952b-465d-aeab-8f735ac01015] GET /wp-content/plugins/elementor/assets/lib/animations/styles/e-animation-grow.min3dd9.css?ver=3.27.6
[2025-09-18T11:25:56.312Z] [INFO] [IP: ::1] [1c01dfb3-e654-48bf-9e53-070296f81e05] GET /wp-content/plugins/elementor/assets/css/widget-image.min3dd9.css?ver=3.27.6
[2025-09-18T11:25:56.313Z] [INFO] [IP: ::1] [5b31b1d9-92d5-4d31-961e-8afad819fe8d] GET /wp-content/plugins/elementor/assets/lib/font-awesome/css/all.min3dd9.css?ver=3.27.6
[2025-09-18T11:25:56.328Z] [INFO] [IP: ::1] [b543024a-175c-4ac9-8106-0e8f2902ee5f] GET /wp-content/plugins/elementor/assets/lib/font-awesome/css/v4-shims.min3dd9.css?ver=3.27.6
[2025-09-18T11:25:56.329Z] [INFO] [IP: ::1] [f0071ea2-98d1-47c4-8db5-6b5152281c4a] GET /wp-content/plugins/metform/public/assets/css/metform-ui4ae0.css?ver=3.8.6
[2025-09-18T11:25:56.348Z] [INFO] [IP: ::1] [1e90e36b-5865-4efd-bbf6-68148ba2ac52] GET /wp-content/plugins/metform/public/assets/css/style4ae0.css?ver=3.8.6
[2025-09-18T11:25:56.351Z] [INFO] [IP: ::1] [7176d337-d54d-47d5-b552-0a9d652a8592] GET /wp-content/plugins/elementor/assets/lib/animations/styles/e-animation-float.min3dd9.css?ver=3.27.6
[2025-09-18T11:25:56.352Z] [INFO] [IP: ::1] [0fe1c55a-5248-4293-8624-a1fa80194ebf] GET /wp-content/plugins/elementor/assets/css/widget-social-icons.min3dd9.css?ver=3.27.6
[2025-09-18T11:25:56.354Z] [INFO] [IP: ::1] [073154a5-5255-4380-a876-af7c58f7b68d] GET /wp-content/uploads/elementor/css/custom-apple-webkit.minafe1.css?ver=1740568210
[2025-09-18T11:25:56.354Z] [INFO] [IP: ::1] [d56f1952-4079-4a96-ba52-043de9b51ec2] GET /wp-content/uploads/elementor/css/post-175afe1.css?ver=1740568210
[2025-09-18T11:25:56.355Z] [INFO] [IP: ::1] [d8cd3613-5370-4a66-8f76-c7b9d2e0a0d9] GET /wp-content/plugins/click-to-chat-for-whatsapp/new/inc/assets/js/app5048.js?ver=4.17
[2025-09-18T11:25:56.363Z] [INFO] [IP: ::1] [6eb9db5d-96ff-4d02-b3d7-43c7daae79c4] GET /wp-content/plugins/themesflat-addons-for-elementor/assets/js/anime.mind1c0.js?ver=6.7.2
[2025-09-18T11:25:56.372Z] [INFO] [IP: ::1] [e61cb0fa-b6ec-4cf3-95ef-e35548cf50d8] GET /wp-content/plugins/themesflat-addons-for-elementor/assets/js/textanimationd1c0.js?ver=6.7.2
[2025-09-18T11:25:56.374Z] [INFO] [IP: ::1] [e94d0034-2f06-4900-9f82-833d8a1ceeb1] GET /wp-content/plugins/embedpress/assets/js/frontf8f5.js?ver=4.1.10
[2025-09-18T11:25:56.376Z] [INFO] [IP: ::1] [dc80eedd-b1d0-438b-a7ea-9a9b8f5aab25] GET /wp-content/plugins/metform/public/assets/lib/cute-alert/cute-alert4ae0.js?ver=3.8.6
[2025-09-18T11:25:56.377Z] [INFO] [IP: ::1] [13c6b5f9-eb51-403c-8f0d-303ee0a31e4d] GET /wp-content/themes/hello-elementor/assets/js/hello-frontend.min9b70.js?ver=3.3.0
[2025-09-18T11:25:56.382Z] [INFO] [IP: ::1] [df663125-d603-4022-b32d-8af4c8cfb684] GET /wp-content/plugins/elementskit-lite/libs/framework/assets/js/frontend-scriptedb1.js?ver=3.4.4
[2025-09-18T11:25:56.387Z] [INFO] [IP: ::1] [7c437bff-7923-40a3-8965-6e39395be698] GET /wp-content/plugins/elementskit-lite/widgets/init/assets/js/widget-scriptsedb1.js?ver=3.4.4
[2025-09-18T11:25:56.394Z] [INFO] [IP: ::1] [a0e67a6a-61c4-4bfb-9384-b4c0d0437dcd] GET /wp-content/plugins/themesflat-addons-for-elementor/assets/js/tf-navmenud1c0.js?ver=6.7.2
[2025-09-18T11:25:56.396Z] [INFO] [IP: ::1] [14a9f16e-8187-4217-b59c-aaf23db69316] GET /wp-content/uploads/2024/02/DH-hero-bg-img.jpg
[2025-09-18T11:25:56.399Z] [INFO] [IP: ::1] [08bbcbf4-f799-4c19-97e9-45a10b26d176] GET /wp-content/plugins/elementor/assets/lib/font-awesome/js/v4-shims.min3dd9.js?ver=3.27.6
[2025-09-18T11:25:56.402Z] [INFO] [IP: ::1] [8038ce69-c61b-4d42-a7cb-ae1c4762149d] GET /wp-content/plugins/metform/public/assets/js/htm4ae0.js?ver=3.8.6
[2025-09-18T11:25:56.405Z] [INFO] [IP: ::1] [894711d0-8d50-4fa5-9fcf-c24b8623c222] GET /wp-includes/js/dist/vendor/react.mine1ab.js?ver=18.3.1.1
[2025-09-18T11:25:56.412Z] [INFO] [IP: ::1] [180e2a48-1377-4b66-ad8b-6927f8cb8ed6] GET /wp-includes/js/dist/vendor/react-dom.mine1ab.js?ver=18.3.1.1
[2025-09-18T11:25:56.422Z] [INFO] [IP: ::1] [1650dd87-a6cb-4b00-bd75-ae965bc86975] GET /wp-content/plugins/elementor/assets/lib/font-awesome/webfonts/fa-solid-900.woff2
[2025-09-18T11:25:56.428Z] [INFO] [IP: ::1] [d68410e2-0243-4970-8994-0e6028520f4f] GET /wp-includes/js/dist/escape-html.min3a9d.js?ver=6561a406d2d232a6fbd2
[2025-09-18T11:25:56.429Z] [INFO] [IP: ::1] [281b38aa-4a6c-41e7-b9fb-d501a6a47083] GET /wp-includes/js/dist/element.min1596.js?ver=cb762d190aebbec25b27
[2025-09-18T11:25:56.432Z] [INFO] [IP: ::1] [798b8861-4fad-4b2b-b8c6-f487e9fde22f] GET /wp-content/plugins/metform/public/assets/js/app4ae0.js?ver=3.8.6
[2025-09-18T11:25:56.436Z] [INFO] [IP: ::1] [9bf6b5af-cf60-4f58-93ba-f998cd2948f1] GET /wp-content/plugins/elementor/assets/js/webpack.runtime.min3dd9.js?ver=3.27.6
[2025-09-18T11:25:56.456Z] [INFO] [IP: ::1] [323897d8-9efb-480b-b5d2-132680e75104] GET /wp-content/plugins/elementor/assets/js/frontend-modules.min3dd9.js?ver=3.27.6
[2025-09-18T11:25:56.460Z] [INFO] [IP: ::1] [f2c58885-b052-40f5-a29b-94e06435f749] GET /wp-includes/js/jquery/ui/core.minb37e.js?ver=1.13.3
[2025-09-18T11:25:56.463Z] [INFO] [IP: ::1] [4e7aa8a5-9e52-4e4a-831f-1e672e500926] GET /wp-content/plugins/elementor/assets/js/frontend.min3dd9.js?ver=3.27.6
[2025-09-18T11:25:56.479Z] [INFO] [IP: ::1] [b79b0610-f8ea-4d3b-a975-0eb8f70a4a38] GET /wp-content/plugins/elementskit-lite/widgets/init/assets/js/animate-circle.minedb1.js?ver=3.4.4
[2025-09-18T11:25:56.482Z] [INFO] [IP: ::1] [09ea1faf-1606-417c-a095-a1277e7b83e4] GET /wp-content/plugins/elementskit-lite/widgets/init/assets/js/elementoredb1.js?ver=3.4.4
[2025-09-18T11:25:56.491Z] [INFO] [IP: ::1] [b4fd3361-1864-4071-83a6-c64cae08b6a1] GET /wp-content/plugins/elementor/assets/lib/font-awesome/webfonts/fa-regular-400.woff2
[2025-09-18T11:25:56.505Z] [INFO] [IP: ::1] [eebb5ac2-aae4-44ca-ad0b-fdc517a7e692] GET /www.instagram.com/embed.js
[2025-09-18T11:25:56.511Z] [INFO] [IP: ::1] [223b4ee4-1d10-4cfb-a154-644bb2220df8] GET /wp-content/uploads/2023/12/image-72.jpg
[2025-09-18T11:25:56.597Z] [INFO] [IP: ::1] [c6db7b60-b9b3-4aaf-982f-023faaa420d8] GET /wp-content/uploads/2024/02/favicon-32x32-1.png
[2025-09-18T11:27:01.290Z] [INFO] [IP: ::1] [c58f5454-4acf-4092-814c-00d8f709e4ac] GET /api/v1/admin/users/7
[2025-09-18T11:27:03.542Z] [INFO] [IP: ::1] [e7c0996b-2327-4d20-81a0-690626c1b795] GET /.well-known/appspecific/com.chrome.devtools.json
[2025-09-18T11:27:12.932Z] [INFO] [IP: ::1] [55bc39cc-29e9-410f-ac79-5b17113dd2c6] GET /api/v1/admin/users/7
[2025-09-18T11:27:13.699Z] [INFO] [IP: ::1] [0868a114-bd23-4e93-af91-39cf8def0aa6] GET /api/v1/admin/users/7
[2025-09-18T11:27:24.000Z] [INFO] [IP: ::1] [471ee21f-cedd-435e-bf1b-410d20215856] GET /api/v1/admin/users/7
[2025-09-18T11:27:24.542Z] [INFO] [IP: ::1] [1796b0c2-f6e8-49b0-af8a-8c64a4816414] GET /api/v1/admin/users/7
[2025-09-18T11:27:25.086Z] [INFO] [IP: ::1] [363eb4a4-af43-4df1-ba5a-5f878230d122] GET /api/v1/admin/users/7
[2025-09-18T11:27:25.411Z] [INFO] [IP: ::1] [02918d7e-e836-400c-a189-84cf6be31c49] GET /api/v1/admin/users/7
[2025-09-18T11:27:25.700Z] [INFO] [IP: ::1] [b26f7635-1d0b-4c41-a4b9-c63ca8d49d59] GET /api/v1/admin/users/7
[2025-09-18T11:27:25.921Z] [INFO] [IP: ::1] [94c0dce7-664c-4a97-a9c1-68ede4d9711c] GET /api/v1/admin/users/7
[2025-09-18T11:27:50.960Z] [INFO] [IP: ::1] [8a9948e1-3c3d-4278-b481-5886185bb6c0] GET /api/v1/admin/users?status=active
[2025-09-18T11:27:51.634Z] [INFO] [IP: ::1] [240d8577-ec0b-4a34-9cab-441d67ae108f] GET /api/v1/admin/transactions?page=1&limit=10
[2025-09-18T11:27:52.597Z] [INFO] [IP: ::1] [993199b0-ae91-423d-bccc-8728f02b4345] GET /api/v1/admin/users?status=active
[2025-09-18T11:27:53.257Z] [INFO] [IP: ::1] [9adfe683-7dc2-4121-beb8-fe632bee06ea] GET /api/v1/admin/transactions?page=1&limit=10
[2025-09-18T11:28:05.224Z] [INFO] [IP: ::1] [ed653a05-77c3-41e3-a34d-7807154ff8b4] GET /api/v1/admin/latest/PKR
[2025-09-18T11:28:39.665Z] [INFO] [IP: ::1] [6be324c1-3d84-4f03-b64c-c93e63679e99] GET /api/v1/admin/users?status=active
[2025-09-18T11:28:42.985Z] [INFO] [IP: ::1] [0d9565ae-2553-486f-8ef4-6707c3aff6a8] GET /api/v1/admin/users/6
[2025-09-18T11:28:45.197Z] [INFO] [IP: ::1] [df6a53b8-8ae2-49b4-bbd8-579e28cf5fb2] GET /.well-known/appspecific/com.chrome.devtools.json
[2025-09-18T11:28:48.152Z] [INFO] [IP: ::1] [59001686-e304-4e14-b01b-f68e45fb0ee0] GET /api/v1/admin/users/6
[2025-09-18T11:28:48.399Z] [INFO] [IP: ::1] [2b8cb09d-6050-4d3f-95ea-1ccae43f203a] GET /api/v1/admin/users/6
[2025-09-18T11:28:48.579Z] [INFO] [IP: ::1] [01c9c8de-ec55-4b1f-8129-5907d7096586] GET /api/v1/admin/users/6
[2025-09-18T11:28:48.756Z] [INFO] [IP: ::1] [51e0af5f-0adb-4af3-84ed-829a7a436ab4] GET /api/v1/admin/users/6
[2025-09-18T11:28:48.937Z] [INFO] [IP: ::1] [327a1577-1ae6-4aae-bcb3-016a18cc4921] GET /api/v1/admin/users/6
[2025-09-18T11:28:59.454Z] [INFO] [IP: ::1] [dd754ab3-ba54-44ab-885c-b9460344d2fd] GET /api/v1/admin/users/6
[2025-09-18T11:34:30.370Z] [INFO] [IP: ::1] [77654fa1-02d2-4d7a-89d7-0c6edd346af7] GET /api/v1/admin/users/6
[2025-09-18T11:34:31.108Z] [INFO] [IP: ::1] [1b1a5407-3ced-4b58-864f-8567a70aa9e0] GET /api/v1/admin/users/6
[2025-09-18T11:34:31.261Z] [INFO] [IP: ::1] [def260ad-339c-416c-8e08-1dab8cba5e33] GET /api/v1/admin/users/6
[2025-09-18T11:37:59.577Z] [INFO] [IP: ::1] [0ac8b074-6aaa-4c37-8345-3c97d6c62e77] GET /admin-panel.html?section=users
[2025-09-18T11:37:59.716Z] [INFO] [IP: ::1] [9efb6489-a42a-4ba4-9375-84359dfb64b4] GET /wp-content/plugins/elementor/assets/lib/font-awesome/css/all.mind1c0.css
[2025-09-18T11:37:59.734Z] [INFO] [IP: ::1] [891aef57-6044-4b2c-ac32-c7ddebab14ba] GET /admin.css
[2025-09-18T11:37:59.757Z] [INFO] [IP: ::1] [c5a6b95c-0ef5-420a-b00e-214beb3135fe] GET /currency-converter.js
[2025-09-18T11:37:59.887Z] [INFO] [IP: ::1] [cf6ea695-580f-4561-8f93-3beb15d3546b] GET /user-management.js
[2025-09-18T11:37:59.931Z] [INFO] [IP: ::1] [52d193f0-294d-4f6f-83a8-150c47c46419] GET /search-handlers.js
[2025-09-18T11:37:59.933Z] [INFO] [IP: ::1] [ecd0ea72-09ec-4c83-a027-df6739940dd8] GET /action-handlers.js
[2025-09-18T11:37:59.949Z] [INFO] [IP: ::1] [88803e8a-1442-41a3-ac8a-2a4b42f1739e] GET /user-handlers.js
[2025-09-18T11:37:59.951Z] [INFO] [IP: ::1] [8cacd26a-79ea-4ad8-9d7f-18f13c522777] GET /payment-schedule.js
[2025-09-18T11:37:59.953Z] [INFO] [IP: ::1] [d4fbc0da-5551-4f6e-a107-a8b6fbbfa95e] GET /transaction-handlers.js
[2025-09-18T11:37:59.954Z] [INFO] [IP: ::1] [1d31d3ab-f8c4-4a30-80e6-e79e7fe80702] GET /file-upload-handlers.js
[2025-09-18T11:37:59.971Z] [INFO] [IP: ::1] [dc661e8b-c41a-47bc-b6d0-2101ca3c0931] GET /user-modal.js
[2025-09-18T11:37:59.973Z] [INFO] [IP: ::1] [aefd1f85-42ba-41ea-b568-4606d3910081] GET /transaction.js
[2025-09-18T11:37:59.974Z] [INFO] [IP: ::1] [842528e0-a4a0-4175-975d-62e8617d2338] GET /navigation.js
[2025-09-18T11:37:59.984Z] [INFO] [IP: ::1] [2248e934-8ad7-4729-8115-f880d1aed596] GET /menu.js
[2025-09-18T11:37:59.985Z] [INFO] [IP: ::1] [902a379a-6476-4f40-a163-b30190363e4e] GET /main.js
[2025-09-18T11:37:59.988Z] [INFO] [IP: ::1] [d57781e2-d937-4b69-b369-cf60d74f7d6c] GET /transaction-management.js
[2025-09-18T11:38:00.000Z] [INFO] [IP: ::1] [b9478f7f-4086-4c79-a2ee-be0f3ae96b09] GET /file-upload.js
[2025-09-18T11:38:00.001Z] [INFO] [IP: ::1] [13d4d981-3814-4539-b6ab-a8bbd785e5ac] GET /init-handlers.js
[2025-09-18T11:38:00.008Z] [INFO] [IP: ::1] [2f9095be-8ea0-4e60-894a-4933448ca3e1] GET /init.js
[2025-09-18T11:38:00.009Z] [INFO] [IP: ::1] [caaa18a7-9fdf-475f-8afe-866c9a642e6c] GET /api-utils.js
[2025-09-18T11:38:00.011Z] [INFO] [IP: ::1] [6ac8ac90-00f4-46eb-92da-704c37df7a75] GET /modal.js
[2025-09-18T11:38:00.022Z] [INFO] [IP: ::1] [c6de3786-e048-448d-8597-af126061df86] GET /modal-handlers.js
[2025-09-18T11:38:00.037Z] [INFO] [IP: ::1] [a7d33558-2a2f-46ed-9c3a-90e6c5efaa41] GET /utils.js
[2025-09-18T11:38:00.048Z] [INFO] [IP: ::1] [0a8fdc8f-1b93-4023-96e5-5c6067f2954c] GET /.well-known/appspecific/com.chrome.devtools.json
[2025-09-18T11:38:00.344Z] [INFO] [IP: ::1] [d2e29639-2a89-458e-ab86-74be1fb78b25] GET /wp-content/plugins/elementor/assets/lib/font-awesome/webfonts/fa-solid-900.woff2
[2025-09-18T11:38:00.449Z] [INFO] [IP: ::1] [03ffb76d-bafa-4bd7-8add-6932bb30f682] GET /api/auth/admin/validate
[2025-09-18T11:38:00.467Z] [INFO] [IP: ::1] [3356fd99-2f13-432a-8958-285d329ce333] GET /api/v1/admin/transactions?page=1&limit=10
[2025-09-18T11:38:00.475Z] [INFO] [IP: ::1] [1a4cbc71-6ff4-41e7-bfde-9333ef73fe1a] GET /api/v1/admin/transactions?page=1&limit=10
[2025-09-18T11:38:00.477Z] [INFO] [IP: ::1] [bb2f0517-c05a-4c80-aff7-ed742650a1de] GET /api/v1/admin/users?status=active
[2025-09-18T11:38:00.525Z] [INFO] [IP: ::1] [f49bdcc7-a0d6-4acc-85a7-ed3fc36421ac] GET /api/v1/admin/transactions?page=1&limit=10
[2025-09-18T11:38:00.530Z] [INFO] [IP: ::1] [5d71a7ee-a50f-43e5-8288-56e45579e235] GET /api/v1/admin/transactions?page=1&limit=1
[2025-09-18T11:38:00.540Z] [INFO] [IP: ::1] [8e05861f-ad6b-4a92-8fac-8de43726077d] GET /api/v1/admin/users?status=active
[2025-09-18T11:38:00.623Z] [INFO] [IP: ::1] [6082e732-a516-42a1-9e7b-413c966fa7ec] GET /favicon.ico
[2025-09-18T11:38:00.695Z] [INFO] [IP: ::1] [d00960a8-f463-4fc4-bd67-085687a996d5] GET /favicon.ico
[2025-09-18T11:38:04.723Z] [INFO] [IP: ::1] [2e5c53ba-1980-441d-8ceb-145da47f7284] GET /api/v1/admin/users?status=active
[2025-09-18T11:38:05.866Z] [INFO] [IP: ::1] [d97f1e67-3851-4ab3-9bf6-85b5c0694ec9] GET /api/v1/admin/users/6
[2025-09-18T11:38:07.440Z] [INFO] [IP: ::1] [3f3b92df-21ec-4303-b58e-e98d3c17bcad] GET /wp-content/plugins/elementor/assets/lib/font-awesome/css/all.mind1c0.css
[2025-09-18T11:38:07.452Z] [INFO] [IP: ::1] [18bcf449-9f51-44fe-8061-d50071e06d03] GET /admin.css
[2025-09-18T11:38:07.490Z] [INFO] [IP: ::1] [ae4b462f-4cc4-4801-9f91-2d15759b1577] GET /.well-known/appspecific/com.chrome.devtools.json
[2025-09-18T11:38:07.901Z] [INFO] [IP: ::1] [8abef71e-9699-4050-9eae-0d9b1eb5e018] GET /api/v1/admin/users/6
[2025-09-18T11:38:08.078Z] [INFO] [IP: ::1] [b3cacc06-c2d9-4ff3-b9f2-12209c137fc6] GET /api/v1/admin/users/6
[2025-09-18T11:38:08.253Z] [INFO] [IP: ::1] [8f19c93f-4267-40bf-af93-a8e1f2243f1d] GET /api/v1/admin/users/6
[2025-09-18T11:38:08.453Z] [INFO] [IP: ::1] [95bbd4d6-eff4-4df7-b40d-1c8c0de749de] GET /api/v1/admin/users/6
[2025-09-18T11:38:08.605Z] [INFO] [IP: ::1] [17baa52e-d9f5-4b5a-a44d-323845cb23fd] GET /api/v1/admin/users/6
[2025-09-18T11:38:08.786Z] [INFO] [IP: ::1] [627cb70d-83a0-42ab-80d3-767b550ce3b6] GET /api/v1/admin/users/6
[2025-09-18T11:38:08.967Z] [INFO] [IP: ::1] [cdd76ce3-0202-4789-894c-fce848c7a7d4] GET /api/v1/admin/users/6
[2025-09-18T11:38:09.148Z] [INFO] [IP: ::1] [ebf1998c-70c3-44b3-8064-0fa931df03d8] GET /api/v1/admin/users/6
[2025-09-18T11:38:09.312Z] [INFO] [IP: ::1] [1bb8923c-4987-412f-8339-a0cd9780f614] GET /api/v1/admin/users/6
[2025-09-18T11:38:12.452Z] [INFO] [IP: ::1] [f9f7b0a8-029e-4dc1-bf6f-73b4e3612687] GET /api/v1/admin/users/6
[2025-09-18T11:38:12.610Z] [INFO] [IP: ::1] [dccaea32-893a-487f-977a-d2bd34965d10] GET /api/v1/admin/users/6
[2025-09-18T11:38:12.780Z] [INFO] [IP: ::1] [ecf8379d-562e-47f0-aba6-828af715007c] GET /api/v1/admin/users/6
[2025-09-18T11:38:12.966Z] [INFO] [IP: ::1] [8f15164b-1387-4a8a-b1af-13ca248fd269] GET /api/v1/admin/users/6
[2025-09-18T11:38:13.137Z] [INFO] [IP: ::1] [711eae19-27b4-47fa-99e6-f1da80ef511d] GET /api/v1/admin/users/6
[2025-09-18T11:38:13.332Z] [INFO] [IP: ::1] [6df46854-8041-45f5-89c2-8ad3eb18b18d] GET /api/v1/admin/users/6
[2025-09-18T11:38:13.513Z] [INFO] [IP: ::1] [a86820f1-aa54-445c-b7f3-0d85fec96bc0] GET /api/v1/admin/users/6
[2025-09-18T11:38:13.705Z] [INFO] [IP: ::1] [22dfbb62-2054-4e8c-a8f1-0c2ac47e2ec7] GET /api/v1/admin/users/6
[2025-09-18T11:38:16.628Z] [INFO] [IP: ::1] [ae85b8a8-fcbc-413f-b432-b38d76d2a3c0] GET /api/v1/admin/users/6
[2025-09-18T11:39:10.277Z] [INFO] [IP: ::1] [3747ff17-d3b1-432f-abe5-de0aa6b0b7fc] GET /admin-panel.html?section=users
[2025-09-18T11:39:10.279Z] [INFO] [IP: ::1] [52b1b28c-0442-48f9-80e1-0376ab8f2b34] GET /transfer-ownership.html
[2025-09-18T11:39:10.490Z] [INFO] [IP: ::1] [0de11c64-dc22-4613-8ed6-9d00af67f0c9] GET /wp-content/plugins/click-to-chat-for-whatsapp/new/inc/assets/css/main5048.css?ver=4.17
[2025-09-18T11:39:10.494Z] [INFO] [IP: ::1] [e98d2d50-b58a-4f1a-a260-b7c20fb08039] GET /wp-content/plugins/header-footer-elementor/inc/widgets-css/frontend3601.css?ver=2.2.0
[2025-09-18T11:39:10.516Z] [INFO] [IP: ::1] [439b6cf3-4833-49b4-879f-04c74c1c97a8] GET /wp-content/plugins/elementor/assets/lib/font-awesome/css/all.mind1c0.css?ver=6.7.2
[2025-09-18T11:39:10.521Z] [INFO] [IP: ::1] [56cc3da0-4804-4dfb-8c3f-42105d440dfb] GET /wp-content/plugins/elementor/assets/lib/font-awesome/css/regular.mind1c0.css?ver=6.7.2
[2025-09-18T11:39:10.532Z] [INFO] [IP: ::1] [b2e6c632-058f-425b-b8c3-2a6e6b999745] GET /wp-content/plugins/themesflat-addons-for-elementor/assets/css/tf-header-footerd1c0.css?ver=6.7.2
[2025-09-18T11:39:10.540Z] [INFO] [IP: ::1] [4cc2e266-5ba9-456b-9bc5-6df6cdd2639c] GET /wp-content/plugins/embedpress/assets/css/embedpressd1c0.css?ver=6.7.2
[2025-09-18T11:39:10.547Z] [INFO] [IP: ::1] [dff5565f-72e1-47b1-9871-55f41dee5f16] GET /wp-content/plugins/header-footer-elementor/assets/css/header-footer-elementor3601.css?ver=2.2.0
[2025-09-18T11:39:10.568Z] [INFO] [IP: ::1] [11f3001e-b192-4e84-8b08-9ae7fbbe9da4] GET /wp-content/uploads/elementor/css/custom-frontend.minafe1.css?ver=1740568210
[2025-09-18T11:39:10.596Z] [INFO] [IP: ::1] [91f53732-a273-42f9-8c66-ae2ce091ed6a] GET /wp-content/uploads/elementor/css/custom-widget-icon-list.minafe1.css?ver=1740568210
[2025-09-18T11:39:10.598Z] [INFO] [IP: ::1] [17ec7711-c404-4e75-9f7d-61d8a2f85afc] GET /wp-content/plugins/elementor/assets/css/widget-heading.min3dd9.css?ver=3.27.6
[2025-09-18T11:39:10.617Z] [INFO] [IP: ::1] [a11fafae-b8b0-4057-b89a-2ccab18a906a] GET /wp-content/uploads/elementor/css/post-2515f71.css?ver=1740675948
[2025-09-18T11:39:10.622Z] [INFO] [IP: ::1] [dbae7ccb-495e-47ea-b281-510b22d824ed] GET /wp-content/uploads/elementor/css/post-17afe1.css?ver=1740568210
[2025-09-18T11:39:10.646Z] [INFO] [IP: ::1] [70ef33d0-7651-4a31-85f8-2c151be9c453] GET /wp-content/plugins/metform/public/assets/lib/cute-alert/style4ae0.css?ver=3.8.6
[2025-09-18T11:39:10.648Z] [INFO] [IP: ::1] [81606179-1049-49bc-8fff-0573776c70e5] GET /wp-content/plugins/metform/public/assets/css/text-editor4ae0.css?ver=3.8.6
[2025-09-18T11:39:10.670Z] [INFO] [IP: ::1] [0cb8a888-6fcf-44cd-8c7c-9cbbf3583753] GET /wp-content/themes/hello-elementor/style.min9b70.css?ver=3.3.0
[2025-09-18T11:39:10.672Z] [INFO] [IP: ::1] [fde68f71-1257-43ad-afe0-9f5d127bf3ee] GET /wp-content/themes/hello-elementor/theme.min9b70.css?ver=3.3.0
[2025-09-18T11:39:10.686Z] [INFO] [IP: ::1] [7259750f-043e-421f-a28a-32f97075e59b] GET /wp-content/themes/hello-elementor/header-footer.min9b70.css?ver=3.3.0
[2025-09-18T11:39:10.687Z] [INFO] [IP: ::1] [475428e9-49d0-46be-8515-3e9bfc775065] GET /wp-includes/css/dashicons.mind1c0.css?ver=6.7.2
[2025-09-18T11:39:10.729Z] [INFO] [IP: ::1] [482e4d5d-8dcd-43fc-a8f7-6f80e2b876a4] GET /wp-content/plugins/elementor/assets/lib/eicons/css/elementor-icons.min705c.css?ver=5.34.0
[2025-09-18T11:39:10.731Z] [INFO] [IP: ::1] [36f7541f-367e-443e-b80e-d493546af25b] GET /wp-content/plugins/elementor/assets/css/widget-icon-list.min44b4.css?ver=3.24.3
[2025-09-18T11:39:10.786Z] [INFO] [IP: ::1] [9f900668-78d1-41e0-a4d5-ed5725d3a0dc] GET /wp-content/plugins/elementor/assets/lib/font-awesome/css/solid52d5.css?ver=5.15.3
[2025-09-18T11:39:10.812Z] [INFO] [IP: ::1] [e495aca9-a552-4062-b48c-3fa4ee0a6fd5] GET /wp-content/plugins/elementskit-lite/widgets/init/assets/css/widget-stylesedb1.css?ver=3.4.4
[2025-09-18T11:39:10.880Z] [INFO] [IP: ::1] [c09bf733-d799-4773-aa55-eaa8aecfa9d6] GET /wp-content/plugins/elementor/assets/lib/font-awesome/css/all.mind1c0.css
[2025-09-18T11:39:11.206Z] [INFO] [IP: ::1] [47626af9-bae0-4379-a166-e2fa94965f70] GET /admin.css
[2025-09-18T11:39:11.226Z] [INFO] [IP: ::1] [875a5446-a605-4f1e-895d-a1a07ec28b6e] GET /wp-content/uploads/elementor/css/post-168afe1.css?ver=1740568210
[2025-09-18T11:39:11.230Z] [INFO] [IP: ::1] [01d4a1c6-1f91-4781-bed0-15d5f9c2d751] GET /wp-content/plugins/elementor/assets/css/widget-social-icons.min2401.css?ver=3.24.0
[2025-09-18T11:39:11.276Z] [INFO] [IP: ::1] [875ec064-cf0c-45bf-a49b-80140e4091d9] GET /wp-content/plugins/elementskit-lite/widgets/init/assets/css/responsiveedb1.css?ver=3.4.4
[2025-09-18T11:39:11.282Z] [INFO] [IP: ::1] [efbd4ce2-340c-4405-94b3-697e52919ea6] GET /wp-content/plugins/elementskit-lite/modules/elementskit-icon-pack/assets/css/ekiticonsedb1.css?ver=3.4.4
[2025-09-18T11:39:11.275Z] [INFO] [IP: ::1] [351fc09f-736b-4365-bdc4-cd895860c094] GET /wp-content/plugins/elementor/assets/lib/font-awesome/css/fontawesome52d5.css?ver=5.15.3
[2025-09-18T11:39:11.284Z] [INFO] [IP: ::1] [985fa920-bb2b-4004-9dfe-b8ee36f41f68] GET /wp-content/uploads/elementor/css/post-8afe1.css?ver=1740568210
[2025-09-18T11:39:11.354Z] [INFO] [IP: ::1] [e81bf1ec-d967-4c65-94de-88fbb69c5d7f] GET /wp-content/plugins/elementor/assets/lib/animations/styles/fadeInUp.min3dd9.css?ver=3.27.6
[2025-09-18T11:39:11.358Z] [INFO] [IP: ::1] [37f52f66-5384-4c18-aa6d-f2731e1652df] GET /wp-content/plugins/elementor/assets/css/widget-text-editor.min3dd9.css?ver=3.27.6
[2025-09-18T11:39:11.365Z] [INFO] [IP: ::1] [7683c74a-8097-4de1-8d4c-23115563e9dd] GET /wp-content/plugins/elementor/assets/lib/font-awesome/css/brands52d5.css?ver=5.15.3
[2025-09-18T11:39:11.367Z] [INFO] [IP: ::1] [347fbaf8-84d4-4156-b25c-f2ac0a11ee11] GET /wp-content/plugins/elementor/assets/lib/font-awesome/webfonts/fa-solid-900.woff2
[2025-09-18T11:39:11.374Z] [INFO] [IP: ::1] [33bfedf2-8785-45b5-96e2-8365f0d831b8] GET /wp-includes/js/jquery/jquery.minf43b.js?ver=3.7.1
[2025-09-18T11:39:11.382Z] [INFO] [IP: ::1] [baa778ef-9f5c-4252-baa6-ff891266a204] GET /wp-includes/js/jquery/jquery-migrate.min5589.js?ver=3.4.1
[2025-09-18T11:39:11.389Z] [INFO] [IP: ::1] [013cd22a-1aa3-42f1-bd20-504dbd443fe7] GET /wp-content/plugins/elementor/assets/lib/swiper/swiper.mind1c0.html?ver=6.7.2
[2025-09-18T11:39:11.400Z] [INFO] [IP: ::1] [f52b2cdd-9b14-44e8-a9aa-69693054d880] GET /api-utils.js
[2025-09-18T11:39:11.408Z] [INFO] [IP: ::1] [248e9d7e-1875-4604-a0f2-1b37734f72f8] GET /currency-converter.js
[2025-09-18T11:39:11.409Z] [INFO] [IP: ::1] [fc6a38a5-1f51-420e-bbcc-ce3ee84cf627] GET /modal.js
[2025-09-18T11:39:11.419Z] [INFO] [IP: ::1] [26b6a158-ea5b-44cf-8844-bb62eac6e45d] GET /modal-handlers.js
[2025-09-18T11:39:11.465Z] [INFO] [IP: ::1] [9c798330-c1d8-4b88-a4b6-8cc37366375d] GET /utils.js
[2025-09-18T11:39:11.474Z] [INFO] [IP: ::1] [3e640cc5-27dd-499b-934c-b5d43e9cd16a] GET /search-handlers.js
[2025-09-18T11:39:11.526Z] [INFO] [IP: ::1] [7d3a800f-6bbc-4559-ae86-a2ebb7642f3d] GET /action-handlers.js
[2025-09-18T11:39:11.531Z] [INFO] [IP: ::1] [c2629f97-aab0-4cf3-b838-58acccdce129] GET /user-handlers.js
[2025-09-18T11:39:11.537Z] [INFO] [IP: ::1] [d0e18987-44ce-4cda-b63b-36138e055bed] GET /payment-schedule.js
[2025-09-18T11:39:11.564Z] [INFO] [IP: ::1] [4be7089e-1867-4ada-8192-297cdabb2296] GET /transaction-handlers.js
[2025-09-18T11:39:11.618Z] [INFO] [IP: ::1] [8ab9198d-8e55-486d-9841-d95161dc0cb6] GET /wp-content/plugins/elementor/assets/lib/font-awesome/webfonts/fa-solid-900.woff2
[2025-09-18T11:39:11.649Z] [INFO] [IP: ::1] [56f622f9-fd6f-4232-8c4f-16e340f0d25a] GET /file-upload-handlers.js
[2025-09-18T11:39:11.662Z] [INFO] [IP: ::1] [7169232a-49d5-47d0-be42-5a5881b57986] GET /user-modal.js
[2025-09-18T11:39:11.666Z] [INFO] [IP: ::1] [7a4880f0-3212-4595-9cd0-0363d1e266ee] GET /transaction.js
[2025-09-18T11:39:11.667Z] [INFO] [IP: ::1] [c6f50197-aca6-4065-87c2-352e8ed7a6ae] GET /navigation.js
[2025-09-18T11:39:11.700Z] [INFO] [IP: ::1] [994624a1-3d3a-4303-9bf8-a297dd360d87] GET /menu.js
[2025-09-18T11:39:11.759Z] [INFO] [IP: ::1] [0584730f-b504-495d-85da-69f557e45613] GET /user-management.js
[2025-09-18T11:39:11.761Z] [INFO] [IP: ::1] [b0940281-ea3f-4d3a-9ce3-7772cda4f365] GET /main.js
[2025-09-18T11:39:11.834Z] [INFO] [IP: ::1] [67cd2e12-033b-42ac-ae87-dbf973f8df79] GET /transaction-management.js
[2025-09-18T11:39:11.837Z] [INFO] [IP: ::1] [b388cc2a-9c88-4d30-9c70-a1c1fe5c41cc] GET /file-upload.js
[2025-09-18T11:39:11.839Z] [INFO] [IP: ::1] [062927f1-3f46-4132-987c-01dda6e535b7] GET /init-handlers.js
[2025-09-18T11:39:11.840Z] [INFO] [IP: ::1] [15b242a7-71f0-4f34-83fb-4536d9c03b04] GET /init.js
[2025-09-18T11:39:11.842Z] [INFO] [IP: ::1] [567c809b-a7f4-4bcb-b0e5-5e494749532c] GET /wp-content/uploads/2024/02/DH-hero-bg-img.jpg
[2025-09-18T11:39:11.844Z] [INFO] [IP: ::1] [e63f5036-6000-48d1-8bf9-81b566a05611] GET /wp-content/uploads/2023/12/drh-logo.png
[2025-09-18T11:39:12.050Z] [INFO] [IP: ::1] [ede919f6-fa89-455c-82d0-fc6261bbda9c] GET /wp-content/uploads/2023/12/f-logo-drh.png
[2025-09-18T11:39:12.074Z] [INFO] [IP: ::1] [b8d5d7aa-c6df-40ef-8658-bb159460c2c6] GET /wp-content/plugins/themesflat-addons-for-elementor/assets/css/tf-navmenud1c0.css?ver=6.7.2
[2025-09-18T11:39:12.097Z] [INFO] [IP: ::1] [08291455-34a6-4b54-95e5-818045ca62cd] GET /wp-content/plugins/elementor/assets/lib/animations/styles/e-animation-grow.min3dd9.css?ver=3.27.6
[2025-09-18T11:39:12.106Z] [INFO] [IP: ::1] [eb92116e-ca01-4241-969f-1c080ff9d3b2] GET /wp-content/plugins/elementor/assets/css/widget-image.min3dd9.css?ver=3.27.6
[2025-09-18T11:39:12.108Z] [INFO] [IP: ::1] [93e69a49-6096-4d3f-a859-85fa6d97b250] GET /wp-content/plugins/elementor/assets/lib/font-awesome/css/all.min3dd9.css?ver=3.27.6
[2025-09-18T11:39:12.152Z] [INFO] [IP: ::1] [d054c1b0-fd54-4976-8cbe-39c5f68ca59d] GET /api/auth/admin/validate
[2025-09-18T11:39:12.159Z] [INFO] [IP: ::1] [84e73e31-037e-477b-b05e-7db0b9fb6c15] GET /api/v1/admin/transactions?page=1&limit=10
[2025-09-18T11:39:12.161Z] [INFO] [IP: ::1] [19fd0a61-f90f-4dbc-8624-480c2770d6fd] GET /api/v1/admin/users?status=active
[2025-09-18T11:39:12.174Z] [INFO] [IP: ::1] [471d5158-e412-4eaf-b171-326a63419aff] GET /api/v1/admin/transactions?page=1&limit=1
[2025-09-18T11:39:12.203Z] [INFO] [IP: ::1] [f653da3c-90f0-4e5f-9cb3-df07fa6f1355] GET /wp-content/plugins/elementor/assets/lib/font-awesome/css/v4-shims.min3dd9.css?ver=3.27.6
[2025-09-18T11:39:12.212Z] [INFO] [IP: ::1] [2c290e31-c960-43fb-8d39-bf690a451c95] GET /wp-content/plugins/metform/public/assets/css/metform-ui4ae0.css?ver=3.8.6
[2025-09-18T11:39:12.219Z] [INFO] [IP: ::1] [bfe640c8-8f7e-4d71-9732-757a9697e1c4] GET /wp-content/plugins/metform/public/assets/css/style4ae0.css?ver=3.8.6
[2025-09-18T11:39:12.275Z] [INFO] [IP: ::1] [4b28d4ee-d6f7-4590-a1dc-c64e78d0935c] GET /api/v1/admin/transactions?page=1&limit=10
[2025-09-18T11:39:12.285Z] [INFO] [IP: ::1] [c4b58383-3d30-464d-aa2d-c6cf7302b9ec] GET /wp-content/plugins/elementor/assets/lib/animations/styles/e-animation-float.min3dd9.css?ver=3.27.6
[2025-09-18T11:39:12.311Z] [INFO] [IP: ::1] [0ed9fd55-89e8-49f5-8bf3-a3b038090740] GET /wp-content/plugins/elementor/assets/css/widget-social-icons.min3dd9.css?ver=3.27.6
[2025-09-18T11:39:12.618Z] [INFO] [IP: ::1] [723455da-a7fe-4a03-b324-dd2dcf58b64c] GET /wp-content/uploads/elementor/css/custom-apple-webkit.minafe1.css?ver=1740568210
[2025-09-18T11:39:12.979Z] [INFO] [IP: ::1] [735e12ee-4c69-411f-ad23-7b3c5625656f] GET /wp-content/plugins/elementor/assets/lib/font-awesome/webfonts/fa-regular-400.woff2
[2025-09-18T11:39:12.985Z] [INFO] [IP: ::1] [9c7ad79f-f790-4326-8e58-3aaa9cafe645] GET /api/v1/admin/transactions?page=1&limit=10
[2025-09-18T11:39:12.986Z] [INFO] [IP: ::1] [a0710cde-464c-40f1-a2a3-c77315c0b830] GET /api/v1/admin/users?status=active
[2025-09-18T11:39:12.988Z] [INFO] [IP: ::1] [33207f08-6990-4a1b-8101-4d40cd57c37f] GET /wp-content/uploads/elementor/css/post-175afe1.css?ver=1740568210
[2025-09-18T11:39:12.997Z] [INFO] [IP: ::1] [a87c69dd-4adb-407b-980c-0d743ef9c050] GET /wp-content/plugins/click-to-chat-for-whatsapp/new/inc/assets/js/app5048.js?ver=4.17
[2025-09-18T11:39:12.998Z] [INFO] [IP: ::1] [9c84d1d1-4677-4317-9bd2-99b70288cd93] GET /wp-content/plugins/themesflat-addons-for-elementor/assets/js/anime.mind1c0.js?ver=6.7.2
[2025-09-18T11:39:13.074Z] [INFO] [IP: ::1] [a08b6cdc-4b37-40c8-829e-72d6a6f1c85a] GET /wp-content/plugins/themesflat-addons-for-elementor/assets/js/textanimationd1c0.js?ver=6.7.2
[2025-09-18T11:39:13.082Z] [INFO] [IP: ::1] [8b23cb2f-36dc-46ff-b813-f7d4a67accfd] GET /wp-content/plugins/embedpress/assets/js/frontf8f5.js?ver=4.1.10
[2025-09-18T11:39:13.086Z] [INFO] [IP: ::1] [e9adffab-9c56-4b7b-899f-c4eebda16c18] GET /favicon.ico
[2025-09-18T11:39:13.122Z] [INFO] [IP: ::1] [91a8f34d-324a-484f-acf9-72421e9aa4af] GET /wp-content/plugins/metform/public/assets/lib/cute-alert/cute-alert4ae0.js?ver=3.8.6
[2025-09-18T11:39:13.124Z] [INFO] [IP: ::1] [8cb1207a-dd86-46d5-816f-736a95223fd1] GET /wp-content/themes/hello-elementor/assets/js/hello-frontend.min9b70.js?ver=3.3.0
[2025-09-18T11:39:13.158Z] [INFO] [IP: ::1] [388cfabc-ea01-4cbb-8001-17ed37d8ee2a] GET /wp-content/plugins/elementskit-lite/libs/framework/assets/js/frontend-scriptedb1.js?ver=3.4.4
[2025-09-18T11:39:13.161Z] [INFO] [IP: ::1] [69987c4b-194a-4a39-a7a6-49aaed8bf5e2] GET /wp-content/plugins/elementskit-lite/widgets/init/assets/js/widget-scriptsedb1.js?ver=3.4.4
[2025-09-18T11:39:13.255Z] [INFO] [IP: ::1] [894eb5b4-9911-45af-8b2d-1345b4afd1a8] GET /wp-content/plugins/themesflat-addons-for-elementor/assets/js/tf-navmenud1c0.js?ver=6.7.2
[2025-09-18T11:39:13.256Z] [INFO] [IP: ::1] [427ce0f8-3a83-4af0-b23d-8d16fb387bf5] GET /wp-content/plugins/elementor/assets/lib/font-awesome/js/v4-shims.min3dd9.js?ver=3.27.6
[2025-09-18T11:39:13.257Z] [INFO] [IP: ::1] [9213759a-d890-4065-b5f9-1da048a949fc] GET /wp-content/plugins/metform/public/assets/js/htm4ae0.js?ver=3.8.6
[2025-09-18T11:39:13.266Z] [INFO] [IP: ::1] [7d76616d-ca85-421c-b0b3-5aa6990d08eb] GET /wp-includes/js/dist/vendor/react.mine1ab.js?ver=18.3.1.1
[2025-09-18T11:39:13.366Z] [INFO] [IP: ::1] [ee145da3-70d4-4b97-83ae-bb5f22efc221] GET /wp-includes/js/dist/vendor/react-dom.mine1ab.js?ver=18.3.1.1
[2025-09-18T11:39:13.368Z] [INFO] [IP: ::1] [b811baf4-bdd5-4a7e-a6b7-098989c1ef3e] GET /wp-includes/js/dist/escape-html.min3a9d.js?ver=6561a406d2d232a6fbd2
[2025-09-18T11:39:13.402Z] [INFO] [IP: ::1] [cf3b9ceb-528f-4746-8b80-0672f9e375bf] GET /wp-includes/js/dist/element.min1596.js?ver=cb762d190aebbec25b27
[2025-09-18T11:39:13.404Z] [INFO] [IP: ::1] [d16fa69f-43b0-4905-9102-114dbb8b325e] GET /wp-content/plugins/metform/public/assets/js/app4ae0.js?ver=3.8.6
[2025-09-18T11:39:13.464Z] [INFO] [IP: ::1] [a5aaa86e-7214-46d6-8602-142a7a9b9190] GET /wp-includes/js/jquery/ui/core.minb37e.js?ver=1.13.3
[2025-09-18T11:39:13.592Z] [INFO] [IP: ::1] [125a567d-ea3f-411e-ac15-efbf950fff37] GET /wp-content/plugins/elementor/assets/js/webpack.runtime.min3dd9.js?ver=3.27.6
[2025-09-18T11:39:13.597Z] [INFO] [IP: ::1] [17dbb063-faac-41f0-8ec6-aae6d97bb38d] GET /wp-content/plugins/elementor/assets/js/frontend-modules.min3dd9.js?ver=3.27.6
[2025-09-18T11:39:13.747Z] [INFO] [IP: ::1] [d2827d32-40a9-408b-bef4-a30fc8141007] GET /wp-content/plugins/elementskit-lite/widgets/init/assets/js/animate-circle.minedb1.js?ver=3.4.4
[2025-09-18T11:39:13.750Z] [INFO] [IP: ::1] [9516808f-3040-4ccf-8248-1747e7e151df] GET /wp-content/plugins/elementor/assets/js/frontend.min3dd9.js?ver=3.27.6
[2025-09-18T11:39:13.818Z] [INFO] [IP: ::1] [ad08044d-382e-442a-aefe-a635c2685d35] GET /wp-content/plugins/elementskit-lite/widgets/init/assets/js/elementoredb1.js?ver=3.4.4
[2025-09-18T11:39:13.819Z] [INFO] [IP: ::1] [3dd2149d-8e2f-4ae6-a505-35ec2c1bed24] GET /www.instagram.com/embed.js
[2025-09-18T11:39:13.849Z] [INFO] [IP: ::1] [f27f6b8e-9c70-4776-9c3a-46fae445c926] GET /wp-content/uploads/2023/12/image-72.jpg
[2025-09-18T11:39:14.054Z] [INFO] [IP: ::1] [791751db-64d3-4d01-8db2-e6264e811362] GET /wp-content/uploads/2024/02/favicon-32x32-1.png
[2025-09-18T11:39:38.331Z] [INFO] [IP: ::1] [1de6812c-e02f-400f-83ea-ad5c640b5377] GET /admin.css
[2025-09-18T11:39:38.337Z] [INFO] [IP: ::1] [3863edab-8cbe-4f1c-af5a-cde05d7f8e37] GET /wp-content/plugins/elementor/assets/lib/font-awesome/css/all.mind1c0.css
[2025-09-18T11:39:38.340Z] [INFO] [IP: ::1] [3811b2c1-afb8-40cb-901a-79c4186e699d] GET /admin-panel.html?section=transactions
[2025-09-18T11:39:38.346Z] [INFO] [IP: ::1] [f3982e52-2c35-4d9c-83af-7c03d7b550e2] GET /.well-known/appspecific/com.chrome.devtools.json
[2025-09-18T11:39:39.906Z] [INFO] [IP: ::1] [12fc28ea-fa2d-47e5-8261-4136ad75a368] GET /api/v1/admin/users?status=active
[2025-09-18T11:39:40.902Z] [INFO] [IP: ::1] [0135cb05-e775-4370-a5ed-3019776c9d4c] GET /.well-known/appspecific/com.chrome.devtools.json
[2025-09-18T11:39:41.577Z] [INFO] [IP: ::1] [037febf5-79f0-4ba8-8060-da8316a4543f] GET /api/v1/admin/users/6
[2025-09-18T11:51:45.017Z] [INFO] [IP: ::1] [d7b6f27c-c1db-4d39-8080-9a24131d1da2] GET /api/v1/admin/users/6
[2025-09-18T11:51:45.848Z] [INFO] [IP: ::1] [c1a0ecd6-4efd-461e-976c-b5097b467db9] GET /api/v1/admin/users/6
[2025-09-18T11:51:46.052Z] [INFO] [IP: ::1] [06374ed7-d6b6-4361-b63b-458bb75517f9] GET /api/v1/admin/users/6
[2025-09-18T11:51:46.241Z] [INFO] [IP: ::1] [8dcfc4d5-06e5-4f71-982b-a49d6c86dbc7] GET /api/v1/admin/users/6
[2025-09-18T11:51:46.428Z] [INFO] [IP: ::1] [c9414d43-b6c3-41f7-b730-d5891aed255f] GET /api/v1/admin/users/6
[2025-09-18T11:52:00.555Z] [INFO] [IP: ::1] [5906092c-34c7-4beb-ac11-36107f0f6895] GET /api/v1/admin/users/6
[2025-09-18T12:02:10.106Z] [INFO] [IP: ::1] [27b6f682-1f84-472b-a886-c07facb44fb3] GET /admin-panel.html?section=users
[2025-09-18T12:02:10.177Z] [INFO] [IP: ::1] [20833b52-89d0-44d5-9c7e-748fc37d3d44] GET /.well-known/appspecific/com.chrome.devtools.json
[2025-09-18T12:02:10.212Z] [INFO] [IP: ::1] [07083937-794c-413b-8271-0f035b125d82] GET /wp-content/plugins/elementor/assets/lib/font-awesome/css/all.mind1c0.css
[2025-09-18T12:02:10.272Z] [INFO] [IP: ::1] [df26fc24-0f31-4cc0-ab4a-74eb2d745f6a] GET /admin.css
[2025-09-18T12:02:10.325Z] [INFO] [IP: ::1] [16a37d5a-e3f9-4877-8ae8-5750567d2b22] GET /menu.js
[2025-09-18T12:02:10.363Z] [INFO] [IP: ::1] [f8855c1e-4f19-4e3d-b9c5-31c24eaf2b79] GET /utils.js
[2025-09-18T12:02:10.374Z] [INFO] [IP: ::1] [12617ece-cbab-44c0-83df-f7ad496ecc79] GET /search-handlers.js
[2025-09-18T12:02:10.376Z] [INFO] [IP: ::1] [fe9c4485-18e4-42cd-8372-22b62821b260] GET /action-handlers.js
[2025-09-18T12:02:10.377Z] [INFO] [IP: ::1] [3c1b09d8-222b-4123-bc18-139673b37daf] GET /user-handlers.js
[2025-09-18T12:02:10.378Z] [INFO] [IP: ::1] [5fe48d4f-a3fa-41e3-81f2-74672a9b0873] GET /payment-schedule.js
[2025-09-18T12:02:10.379Z] [INFO] [IP: ::1] [7068fb6d-b503-423c-b188-ab6f8e4fe1a2] GET /transaction-handlers.js
[2025-09-18T12:02:10.392Z] [INFO] [IP: ::1] [4ec8b404-1456-4abb-89e6-a18961c6d960] GET /file-upload-handlers.js
[2025-09-18T12:02:10.394Z] [INFO] [IP: ::1] [4859a444-0c0c-4339-80f0-6d236be12762] GET /user-modal.js
[2025-09-18T12:02:10.398Z] [INFO] [IP: ::1] [a4b166e2-0160-4576-a40c-b917fa5e313d] GET /transaction.js
[2025-09-18T12:02:10.399Z] [INFO] [IP: ::1] [5f35d780-59e7-4144-b262-0ca88f30385f] GET /navigation.js
[2025-09-18T12:02:10.400Z] [INFO] [IP: ::1] [5b38148b-b1a1-4c6e-bcd0-a3a6edc5c134] GET /user-management.js
[2025-09-18T12:02:10.402Z] [INFO] [IP: ::1] [74b2c8df-dd9e-482d-b18f-66a45835139c] GET /main.js
[2025-09-18T12:02:10.414Z] [INFO] [IP: ::1] [9667c9f0-f02f-4ec0-a404-61b655c70e54] GET /transaction-management.js
[2025-09-18T12:02:10.420Z] [INFO] [IP: ::1] [33f84e25-e16f-4c8b-af96-02767c5e13a0] GET /file-upload.js
[2025-09-18T12:02:10.421Z] [INFO] [IP: ::1] [7fb8896c-00a5-4d22-af73-55020aa3a40f] GET /init-handlers.js
[2025-09-18T12:02:10.422Z] [INFO] [IP: ::1] [a87d3aec-2646-41b4-90f8-34f00d06789a] GET /init.js
[2025-09-18T12:02:10.423Z] [INFO] [IP: ::1] [bc8bebf6-21ca-4afe-afac-cd4f646f131c] GET /api-utils.js
[2025-09-18T12:02:10.427Z] [INFO] [IP: ::1] [9bf66f1d-0f6e-43fb-83aa-6f6e192917cd] GET /currency-converter.js
[2025-09-18T12:02:10.439Z] [INFO] [IP: ::1] [5de59e50-8229-4b82-9264-307d9d5d32cf] GET /modal.js
[2025-09-18T12:02:10.442Z] [INFO] [IP: ::1] [e2db9e3b-d262-44e4-aecd-0c20f2e554c7] GET /modal-handlers.js
[2025-09-18T12:02:10.620Z] [INFO] [IP: ::1] [4bfe9c40-a129-4b42-a195-342a34591b40] GET /wp-content/plugins/elementor/assets/lib/font-awesome/webfonts/fa-solid-900.woff2
[2025-09-18T12:02:10.673Z] [INFO] [IP: ::1] [b43032cb-c68f-40c3-bb24-05377497c8d8] GET /api/auth/admin/validate
[2025-09-18T12:02:10.688Z] [INFO] [IP: ::1] [202fdae1-dd8b-458c-a430-5929ea144fdd] GET /api/v1/admin/transactions?page=1&limit=10
[2025-09-18T12:02:10.689Z] [INFO] [IP: ::1] [4efd6802-ece5-4f59-806e-c59d60fedec0] GET /api/v1/admin/users?status=active
[2025-09-18T12:02:10.720Z] [INFO] [IP: ::1] [8edb0d94-137f-49b6-96b0-e2b9703c439f] GET /api/v1/admin/transactions?page=1&limit=10
[2025-09-18T12:02:10.754Z] [INFO] [IP: ::1] [fa898a13-54da-4193-9aec-1b4362b6068e] GET /api/v1/admin/transactions?page=1&limit=10
[2025-09-18T12:02:10.771Z] [INFO] [IP: ::1] [caeb6a9e-0c8e-4c3c-85f2-da0c3e022d2b] GET /api/v1/admin/transactions?page=1&limit=1
[2025-09-18T12:02:10.775Z] [INFO] [IP: ::1] [b13a1cf3-73cd-4863-a8cd-b14751f5caea] GET /api/v1/admin/users?status=active
[2025-09-18T12:02:10.795Z] [INFO] [IP: ::1] [a5b9655c-476f-489b-8aa5-9a2161b6e10a] GET /favicon.ico
[2025-09-18T12:02:10.953Z] [INFO] [IP: ::1] [dd864e2d-bbbd-4680-89ec-0cc6de2c24f4] GET /favicon.ico
[2025-09-18T12:02:13.897Z] [INFO] [IP: ::1] [86932d26-e1f8-4e49-9df6-6f7373d563af] GET /api/v1/admin/users?status=active
[2025-09-18T12:02:15.022Z] [INFO] [IP: ::1] [182055e5-4db7-492e-a8be-500e342a17b1] GET /wp-content/plugins/elementor/assets/lib/font-awesome/css/all.mind1c0.css
[2025-09-18T12:02:15.023Z] [INFO] [IP: ::1] [ad373b81-02a8-4d28-a5e5-591b4478a5a3] GET /admin.css
[2025-09-18T12:02:15.047Z] [INFO] [IP: ::1] [af0d8cae-add1-48b1-ad67-7cb0338d6773] GET /.well-known/appspecific/com.chrome.devtools.json
[2025-09-18T12:02:15.961Z] [INFO] [IP: ::1] [61fd9d45-131b-4713-ad62-14089bf9cb6c] GET /api/v1/admin/users/6
[2025-09-18T12:02:50.849Z] [INFO] [IP: ::1] [1a97154e-6749-4e88-8556-20215a080dc6] GET /api/v1/admin/transactions?page=1&limit=10
[2025-09-18T12:02:57.164Z] [INFO] [IP: ::1] [3fbda616-edec-413a-9c20-a581f29706a4] GET /api/v1/admin/latest/PKR
[2025-09-18T12:03:02.514Z] [INFO] [IP: ::1] [93ee9187-7a8a-497c-973a-61c7908e7ba5] GET /.well-known/appspecific/com.chrome.devtools.json
[2025-09-18T12:03:31.186Z] [INFO] [IP: ::1] [f7e667cc-98b4-4dd5-9c18-0d919dfa29af] POST /api/v1/admin/transactions
[2025-09-18T12:03:31.189Z] [INFO] [IP: ::1] [680a9826-1203-460b-8e7c-0d6ab791bb03] POST /api/v1/admin/transactions
[2025-09-18T12:03:31.197Z] [INFO] [IP: ::1] [3187327c-5ae2-46ac-9257-51fd3ffee6f1] POST /api/v1/admin/transactions
[2025-09-18T12:03:31.208Z] [INFO] [IP: ::1] [1a551aca-4108-4cf5-bc02-d602a0c7faa1] POST /api/v1/admin/transactions
[2025-09-18T12:05:47.106Z] [INFO] [IP: ::1] [2749e038-5234-4dbf-8e1a-467f7a981cd7] GET /admin-panel.html?section=transactions
[2025-09-18T12:05:47.205Z] [INFO] [IP: ::1] [9a957da1-d4d7-473b-8cf7-27adffd042c0] GET /wp-content/plugins/elementor/assets/lib/font-awesome/css/all.mind1c0.css
[2025-09-18T12:05:47.218Z] [INFO] [IP: ::1] [41122aab-ec1f-44fc-9f95-3d65e744f598] GET /admin.css
[2025-09-18T12:05:47.227Z] [INFO] [IP: ::1] [6b8cfb3d-634b-4aa0-a750-caf153d7a160] GET /api-utils.js
[2025-09-18T12:05:47.279Z] [INFO] [IP: ::1] [ad0fd4bc-887f-43ef-b292-7876ed65dc41] GET /search-handlers.js
[2025-09-18T12:05:47.399Z] [INFO] [IP: ::1] [8724b9fe-af81-4f2e-86c2-c35d4fb08076] GET /file-upload.js
[2025-09-18T12:05:47.426Z] [INFO] [IP: ::1] [176a3b25-189b-4d1a-96b4-0097cd839514] GET /action-handlers.js
[2025-09-18T12:05:47.443Z] [INFO] [IP: ::1] [c360474f-7c67-40fc-92c7-ede6ec2c383d] GET /user-handlers.js
[2025-09-18T12:05:47.453Z] [INFO] [IP: ::1] [9d4d17c8-f4f2-49dc-9084-09061743de77] GET /payment-schedule.js
[2025-09-18T12:05:47.455Z] [INFO] [IP: ::1] [70f392de-f492-493a-bb40-8c98d39db37c] GET /transaction-handlers.js
[2025-09-18T12:05:47.456Z] [INFO] [IP: ::1] [a64edd3c-7588-435b-bba9-6705dd6c5f7e] GET /file-upload-handlers.js
[2025-09-18T12:05:47.474Z] [INFO] [IP: ::1] [601377cd-c4a0-4cc1-8d16-21f5a7660583] GET /user-modal.js
[2025-09-18T12:05:47.482Z] [INFO] [IP: ::1] [816ed810-93f4-4fd3-9637-f41709c1c798] GET /transaction.js
[2025-09-18T12:05:47.484Z] [INFO] [IP: ::1] [a30e39e4-07ff-4800-bb2c-8adb7612bfcc] GET /navigation.js
[2025-09-18T12:05:47.488Z] [INFO] [IP: ::1] [5db86855-2a80-466b-9ec8-b0e087ea6445] GET /menu.js
[2025-09-18T12:05:47.489Z] [INFO] [IP: ::1] [de6efff3-897e-45f2-9533-713a645c9d9a] GET /user-management.js
[2025-09-18T12:05:47.490Z] [INFO] [IP: ::1] [7109fc12-ccd2-46c6-a94a-2cc88ee9f3a6] GET /main.js
[2025-09-18T12:05:47.507Z] [INFO] [IP: ::1] [278f0ab2-d49f-4d85-8abf-0a85d7e072a7] GET /transaction-management.js
[2025-09-18T12:05:47.521Z] [INFO] [IP: ::1] [090f51c8-8e88-43f7-96ad-d455ad29500e] GET /init-handlers.js
[2025-09-18T12:05:47.522Z] [INFO] [IP: ::1] [d8ed6580-b934-4afc-8cc2-8198bfdfa3e8] GET /init.js
[2025-09-18T12:05:47.532Z] [INFO] [IP: ::1] [8d20ce57-f68d-4f30-b461-0e33bf8f17a3] GET /currency-converter.js
[2025-09-18T12:05:47.533Z] [INFO] [IP: ::1] [21019f5f-3e09-4608-acd9-add369753332] GET /modal.js
[2025-09-18T12:05:47.535Z] [INFO] [IP: ::1] [dc6a09d4-a56b-4289-9b15-9d98710acd68] GET /modal-handlers.js
[2025-09-18T12:05:47.543Z] [INFO] [IP: ::1] [cdaa997b-d053-4ba0-ad7d-386dee4bb4a1] GET /utils.js
[2025-09-18T12:05:47.569Z] [INFO] [IP: ::1] [cb2c2412-030e-4534-bd0d-76c4648b9a4b] GET /.well-known/appspecific/com.chrome.devtools.json
[2025-09-18T12:05:47.820Z] [INFO] [IP: ::1] [14867bf4-dd94-4533-8463-44174e675b84] GET /wp-content/plugins/elementor/assets/lib/font-awesome/webfonts/fa-solid-900.woff2
[2025-09-18T12:05:47.889Z] [INFO] [IP: ::1] [55486a74-97e1-4453-b59e-8b3bcdfbd80e] GET /api/auth/admin/validate
[2025-09-18T12:05:47.897Z] [INFO] [IP: ::1] [58626666-173f-4230-bbe4-bb8807d19746] GET /api/v1/admin/transactions?page=1&limit=10
[2025-09-18T12:05:47.909Z] [INFO] [IP: ::1] [84943d17-48ce-4e57-a256-fc66cfd515fe] GET /api/v1/admin/transactions?page=1&limit=1
[2025-09-18T12:05:47.910Z] [INFO] [IP: ::1] [5589f5ff-9498-4b84-bf39-6d297bb091b0] GET /api/v1/admin/users?status=active
[2025-09-18T12:05:47.926Z] [INFO] [IP: ::1] [9428e998-d866-4081-8480-70dd56003f65] GET /favicon.ico
[2025-09-18T12:05:47.962Z] [INFO] [IP: ::1] [76787ac4-e003-4817-a1d2-f369fb6a561e] GET /api/v1/admin/transactions?page=1&limit=10
[2025-09-18T12:05:48.070Z] [INFO] [IP: ::1] [95edc110-58f3-4f09-ab96-a986ffa702c9] GET /favicon.ico
[2025-09-18T12:06:00.313Z] [INFO] [IP: ::1] [f4bd1f8e-e1a0-4d6d-872d-d1014ca835c7] GET /api/v1/admin/transactions/17
[2025-09-18T12:06:00.318Z] [INFO] [IP: ::1] [0afe3b60-5f03-4715-b18a-c79d9d81fd65] GET /api/v1/admin/transactions/17/documents
[2025-09-18T12:06:00.327Z] [INFO] [IP: ::1] [2a1b5c61-f825-4fab-a829-6db8fcd6edc3] GET /api/v1/admin/transactions/17/payments
[2025-09-18T12:06:00.360Z] [INFO] [IP: ::1] [f0fbe0e1-43ab-4ccb-b369-b1d604511db8] GET /api/v1/admin/transactions/17/documents
[2025-09-18T12:12:18.619Z] [INFO] [IP: ::1] [4087f66a-d7ea-475b-a379-4300aa2521f5] GET /admin-panel.html?section=transactions
[2025-09-18T12:12:18.670Z] [INFO] [IP: ::1] [74959809-cc3a-4ff7-aadf-2e3aecd3cc16] GET /wp-content/plugins/elementor/assets/lib/font-awesome/css/all.mind1c0.css
[2025-09-18T12:12:18.695Z] [INFO] [IP: ::1] [d17bb827-64bf-4738-92f1-ece407f45124] GET /currency-converter.js
[2025-09-18T12:12:18.744Z] [INFO] [IP: ::1] [d7243dc5-0f32-4f25-ad5b-b25003c4adbd] GET /admin.css
[2025-09-18T12:12:18.805Z] [INFO] [IP: ::1] [bf24a2ef-5dbc-432f-9646-59e14bc7aff7] GET /menu.js
[2025-09-18T12:12:18.844Z] [INFO] [IP: ::1] [0857c49c-fb6a-4518-a39d-d118748d218f] GET /search-handlers.js
[2025-09-18T12:12:18.856Z] [INFO] [IP: ::1] [d2d32abf-7648-4109-a51b-faa78ebd1272] GET /action-handlers.js
[2025-09-18T12:12:18.858Z] [INFO] [IP: ::1] [536f03a2-f81b-48d4-9192-fc1bb95e75e4] GET /user-handlers.js
[2025-09-18T12:12:18.860Z] [INFO] [IP: ::1] [9f1ec608-01df-4f9b-9893-65444525dd6c] GET /payment-schedule.js
[2025-09-18T12:12:18.862Z] [INFO] [IP: ::1] [2b15f80c-c194-4af3-9719-1cf399f4ecce] GET /transaction-handlers.js
[2025-09-18T12:12:18.863Z] [INFO] [IP: ::1] [f59f0959-fee8-4448-a50c-4f8132e31350] GET /file-upload-handlers.js
[2025-09-18T12:12:18.880Z] [INFO] [IP: ::1] [68dfd009-4361-486d-8abb-1cc9f96241d7] GET /user-modal.js
[2025-09-18T12:12:18.881Z] [INFO] [IP: ::1] [b06e0cd4-a134-4a9b-8758-1e22fcd17822] GET /transaction.js
[2025-09-18T12:12:18.886Z] [INFO] [IP: ::1] [a66e78f0-cff1-4d55-b04b-7befe1792fcc] GET /navigation.js
[2025-09-18T12:12:18.887Z] [INFO] [IP: ::1] [d1fa7203-c3ac-41ef-a4bf-c51082bf4f5c] GET /user-management.js
[2025-09-18T12:12:18.888Z] [INFO] [IP: ::1] [1a9c998c-50fe-4e68-93f0-435101f955c1] GET /main.js
[2025-09-18T12:12:18.889Z] [INFO] [IP: ::1] [57d1f4fe-0d12-4025-b76b-df3027baac44] GET /transaction-management.js
[2025-09-18T12:12:18.908Z] [INFO] [IP: ::1] [9c08b90f-49c8-4aa9-8a4d-718a00f56ffc] GET /file-upload.js
[2025-09-18T12:12:18.909Z] [INFO] [IP: ::1] [1da46faa-fe5e-4c7a-9f49-b4152574257e] GET /init-handlers.js
[2025-09-18T12:12:18.914Z] [INFO] [IP: ::1] [d9fe7c10-22bc-4f44-9c98-5309df473450] GET /init.js
[2025-09-18T12:12:18.915Z] [INFO] [IP: ::1] [58543249-28da-444a-9421-61198174758e] GET /api-utils.js
[2025-09-18T12:12:18.915Z] [INFO] [IP: ::1] [a02584b7-ec9a-48bc-94cf-59f5eba9ded4] GET /modal.js
[2025-09-18T12:12:18.916Z] [INFO] [IP: ::1] [4cea2073-7ab1-401f-a2ab-a70a7fe618d4] GET /modal-handlers.js
[2025-09-18T12:12:18.928Z] [INFO] [IP: ::1] [5da8303b-d028-4f43-af1e-0276a26987ac] GET /utils.js
[2025-09-18T12:12:19.016Z] [INFO] [IP: ::1] [75a0bb20-9e1f-40e0-a410-bd28b8383ad5] GET /wp-content/plugins/elementor/assets/lib/font-awesome/webfonts/fa-solid-900.woff2
[2025-09-18T12:12:19.042Z] [INFO] [IP: ::1] [4d49423e-d8bb-4559-84b9-2115822234a6] GET /api/auth/admin/validate
[2025-09-18T12:12:19.056Z] [INFO] [IP: ::1] [9d2e52da-dadb-4738-9794-e39099511e78] GET /api/v1/admin/transactions?page=1&limit=10
[2025-09-18T12:12:19.057Z] [INFO] [IP: ::1] [8d2549b8-8399-43b3-b24a-9bec9864a2ff] GET /api/v1/admin/transactions?page=1&limit=1
[2025-09-18T12:12:19.058Z] [INFO] [IP: ::1] [8dc200ea-983f-45e3-b934-f2452370dfa0] GET /api/v1/admin/users?status=active
[2025-09-18T12:12:19.087Z] [INFO] [IP: ::1] [4d28d512-aba0-4fb1-9cec-32ae98a0cf5c] GET /api/v1/admin/transactions?page=1&limit=10
[2025-09-18T12:12:19.104Z] [INFO] [IP: ::1] [1918ae4d-11c8-4942-94d6-0489da9775ec] GET /favicon.ico
[2025-09-18T12:12:19.145Z] [INFO] [IP: ::1] [25ce6edf-c068-4615-8027-a26ee3f0ae7f] GET /favicon.ico
[2025-09-18T12:12:25.317Z] [INFO] [IP: ::1] [e91c96fb-3cb4-4ff8-9705-deea8068ec83] GET /api/v1/admin/latest/PKR
[2025-09-18T12:12:48.264Z] [INFO] [IP: ::1] [1a31c33f-5b80-4782-9056-3091a7029677] GET /wp-content/plugins/elementor/assets/lib/font-awesome/css/all.mind1c0.css
[2025-09-18T12:12:48.266Z] [INFO] [IP: ::1] [e73a1d9c-5123-4aaa-8470-1b8a197328cd] GET /admin.css
[2025-09-18T12:12:48.287Z] [INFO] [IP: ::1] [3e8cd6f6-2039-4b7e-9d68-585c67d39930] GET /.well-known/appspecific/com.chrome.devtools.json
[2025-09-18T12:13:03.467Z] [INFO] [IP: ::1] [2c3f5d1a-93d6-4975-866c-a46d7eac7e84] POST /api/v1/admin/transactions
[2025-09-18T12:13:03.472Z] [INFO] [IP: ::1] [1682b210-2c8d-419e-bf80-d0de32aba219] POST /api/v1/admin/transactions
[2025-09-18T12:13:03.477Z] [INFO] [IP: ::1] [f8d700a5-ce34-43a0-b766-a1604119e2e1] POST /api/v1/admin/transactions
[2025-09-18T12:13:03.487Z] [INFO] [IP: ::1] [e3352fc4-b913-4f89-bb98-8d8c9d5a1ef0] POST /api/v1/admin/transactions
[2025-09-18T12:15:37.524Z] [INFO] [IP: ::1] [6be7f9bb-9321-46ab-abb6-4c12444668ba] POST /api/v1/admin/transactions
[2025-09-18T12:15:37.543Z] [INFO] [IP: ::1] [cf7d940f-fe82-4dec-a354-067124474d72] POST /api/v1/admin/transactions
[2025-09-18T12:15:37.571Z] [INFO] [IP: ::1] [032ad670-4e17-433c-857b-6e60fa920369] POST /api/v1/admin/transactions
[2025-09-18T12:15:37.567Z] [INFO] [IP: ::1] [9ab6983b-daf4-472e-b363-5ecc07d989f8] POST /api/v1/admin/transactions
[2025-09-18T12:15:37.629Z] [INFO] [IP: ::1] [f65375ac-5335-4a7d-9495-89088bf69932] GET /api/v1/admin/transactions?page=1&limit=10
[2025-09-18T12:15:37.652Z] [INFO] [IP: ::1] [4dcf7fc2-a345-4719-b27f-307382ac13b0] GET /api/v1/admin/transactions?page=1&limit=10
[2025-09-18T12:15:37.672Z] [INFO] [IP: ::1] [043d359e-e9d9-453d-b0d3-73fded671545] GET /api/v1/admin/transactions?page=1&limit=10
[2025-09-18T12:25:25.354Z] [INFO] [IP: ::1] [8ee8381b-1e67-44e1-bc73-65e4355aac88] GET /admin-panel.html?section=transactions
[2025-09-18T12:25:25.483Z] [INFO] [IP: ::1] [3a3227e5-8215-4e66-956e-dc7166cab0a4] GET /.well-known/appspecific/com.chrome.devtools.json
[2025-09-18T12:25:25.518Z] [INFO] [IP: ::1] [2aaf77b8-a7d3-42c7-91c8-9a2aee037140] GET /wp-content/plugins/elementor/assets/lib/font-awesome/css/all.mind1c0.css
[2025-09-18T12:25:25.541Z] [INFO] [IP: ::1] [ddb7f08c-1dbb-4852-abc7-43bdca8164fd] GET /currency-converter.js
[2025-09-18T12:25:25.549Z] [INFO] [IP: ::1] [39967581-1af9-485c-81c0-7de3be641595] GET /admin.css
[2025-09-18T12:25:25.592Z] [INFO] [IP: ::1] [8868df03-60bf-4ebd-baa2-f81d5cff3e68] GET /modal-handlers.js
[2025-09-18T12:25:25.790Z] [INFO] [IP: ::1] [0075bb05-c50c-4ac5-8e7c-89e85161be06] GET /init.js
[2025-09-18T12:25:25.810Z] [INFO] [IP: ::1] [41ffc11f-47b4-4c24-800b-706e53a0569b] GET /user-handlers.js
[2025-09-18T12:25:25.812Z] [INFO] [IP: ::1] [f4c675cc-4d24-4f4b-a774-a98520410c6b] GET /payment-schedule.js
[2025-09-18T12:25:25.821Z] [INFO] [IP: ::1] [1e98a0ca-97fa-4567-af0a-f67d014b87ac] GET /transaction-handlers.js
[2025-09-18T12:25:25.825Z] [INFO] [IP: ::1] [de742c8a-2028-488e-83ae-fe254dbdd451] GET /file-upload-handlers.js
[2025-09-18T12:25:25.827Z] [INFO] [IP: ::1] [ecad0917-e335-445b-9e85-47848c12c1d5] GET /user-modal.js
[2025-09-18T12:25:25.840Z] [INFO] [IP: ::1] [781c5510-14e0-4adc-9a51-8911744bf470] GET /transaction.js
[2025-09-18T12:25:25.847Z] [INFO] [IP: ::1] [2f703249-68bd-4b62-855f-50e2b69b6c27] GET /navigation.js
[2025-09-18T12:25:25.848Z] [INFO] [IP: ::1] [3efdc7e4-6a50-49de-bb1c-751ab97650f3] GET /menu.js
[2025-09-18T12:25:25.849Z] [INFO] [IP: ::1] [2d4d1d61-37ac-477e-9676-15b8d18faa22] GET /user-management.js
[2025-09-18T12:25:25.855Z] [INFO] [IP: ::1] [f49d1ddd-2b04-4edb-92f5-9708313059d7] GET /main.js
[2025-09-18T12:25:25.857Z] [INFO] [IP: ::1] [6d37b83c-f290-48b2-b74c-067bb0f54e7c] GET /transaction-management.js
[2025-09-18T12:25:25.868Z] [INFO] [IP: ::1] [792a028c-4751-426a-852b-2a236c9effaa] GET /file-upload.js
[2025-09-18T12:25:25.877Z] [INFO] [IP: ::1] [7a6c5944-b6da-4358-afa8-2548dbc50fde] GET /init-handlers.js
[2025-09-18T12:25:25.878Z] [INFO] [IP: ::1] [42e96123-e544-4eee-8784-211fee215668] GET /api-utils.js
[2025-09-18T12:25:25.879Z] [INFO] [IP: ::1] [3fc46142-1818-45b9-9084-d258cb9dc3f5] GET /modal.js
[2025-09-18T12:25:25.883Z] [INFO] [IP: ::1] [18bdda0a-60a1-4534-91ae-aad55e770edd] GET /utils.js
[2025-09-18T12:25:25.884Z] [INFO] [IP: ::1] [9d69777d-7c22-47fc-a7b8-e3a0880384b9] GET /search-handlers.js
[2025-09-18T12:25:25.892Z] [INFO] [IP: ::1] [7ed869da-432a-41f0-ab14-5d54f8b0981c] GET /action-handlers.js
[2025-09-18T12:25:26.136Z] [INFO] [IP: ::1] [a482da04-e634-4434-a898-8ca5e21eb1e0] GET /wp-content/plugins/elementor/assets/lib/font-awesome/webfonts/fa-solid-900.woff2
[2025-09-18T12:25:26.219Z] [INFO] [IP: ::1] [c14c109d-64e5-4fad-9cee-b25f38dcff13] GET /api/auth/admin/validate
[2025-09-18T12:25:26.235Z] [INFO] [IP: ::1] [86a6bd68-8785-464a-9779-1233f2d206a1] GET /api/v1/admin/transactions?page=1&limit=10
[2025-09-18T12:25:26.237Z] [INFO] [IP: ::1] [78bab4fb-3d90-4c19-ba3b-6f0ee79fed0e] GET /api/v1/admin/transactions?page=1&limit=10
[2025-09-18T12:25:26.262Z] [INFO] [IP: ::1] [1a741f9d-ce48-4e07-97ad-bdc073a6e72a] GET /api/v1/admin/transactions?page=1&limit=1
[2025-09-18T12:25:26.263Z] [INFO] [IP: ::1] [fe7c4e20-587e-44ad-b8f0-a15ccb8a6680] GET /api/v1/admin/users?status=active
[2025-09-18T12:25:26.266Z] [INFO] [IP: ::1] [23ed585a-cd19-4615-a2a5-eb0b049ab70f] GET /favicon.ico
[2025-09-18T12:25:26.502Z] [INFO] [IP: ::1] [d8159f7f-bd12-421b-962e-6aa391d892a6] GET /favicon.ico
[2025-09-18T12:25:31.092Z] [INFO] [IP: ::1] [869c39e0-4078-406c-bdd6-66bb7c71a114] GET /api/v1/admin/users?status=active
[2025-09-18T12:25:32.286Z] [INFO] [IP: ::1] [374cef90-1e49-4c7b-a860-3aeadf20a882] GET /api/v1/admin/users?status=archived
[2025-09-18T12:25:34.773Z] [INFO] [IP: ::1] [d0a3bf14-0b96-440b-8906-78c7f9ff2dd3] POST /api/v1/admin/users/7/unarchive
[2025-09-18T12:25:35.330Z] [INFO] [IP: ::1] [99d968ad-e406-4d65-8593-3f12a59afc06] POST /api/v1/admin/users/7/unarchive
[2025-09-18T12:25:37.528Z] [INFO] [IP: ::1] [399c909e-abb1-4cb0-91d1-2b5a5235b240] GET /api/v1/admin/users?status=archived
[2025-09-18T12:25:39.845Z] [INFO] [IP: ::1] [5acbb471-f19a-43d1-a0f0-7423499a48ed] GET /api/v1/admin/users?status=active
[2025-09-18T12:25:41.402Z] [INFO] [IP: ::1] [2a9750ec-022c-4864-b06c-949f7595a5fc] GET /api/v1/admin/transactions?page=1&limit=10
[2025-09-18T12:25:50.405Z] [INFO] [IP: ::1] [d8c4bbf8-79d7-4918-b124-06e38cb75d56] GET /api/v1/admin/latest/PKR
[2025-09-18T12:26:19.676Z] [INFO] [IP: ::1] [687e8b5b-1c57-4b4e-8f7c-f1bca1df8fb2] GET /wp-content/plugins/elementor/assets/lib/font-awesome/css/all.mind1c0.css
[2025-09-18T12:26:19.678Z] [INFO] [IP: ::1] [83ddecdf-fde3-4968-8995-7a67ba260902] GET /admin.css
[2025-09-18T12:26:19.683Z] [INFO] [IP: ::1] [2aff7997-653b-4d1f-b5a4-75cce48f086a] GET /.well-known/appspecific/com.chrome.devtools.json
[2025-09-18T12:26:20.367Z] [INFO] [IP: ::1] [8cfbf462-c24a-4f2f-a5d3-1c14b0c58105] POST /api/v1/admin/transactions
[2025-09-18T12:26:20.402Z] [INFO] [IP: ::1] [b9ef98da-57ec-4aab-9e42-6caa3bcf1383] POST /api/v1/admin/transactions
[2025-09-18T12:26:20.410Z] [INFO] [IP: ::1] [4707fc36-5322-41c3-87e8-f2a58a7ada80] POST /api/v1/admin/transactions
[2025-09-18T12:26:20.415Z] [INFO] [IP: ::1] [5665b4cd-6562-4a93-ae4c-7d27c88ffad1] POST /api/v1/admin/transactions
[2025-09-18T12:26:20.465Z] [INFO] [IP: ::1] [0335f17e-3639-42e8-bb03-6c0a4c64ea74] GET /api/v1/admin/transactions?page=1&limit=10
[2025-09-18T12:26:39.517Z] [INFO] [IP: ::1] [2942e2d8-04eb-4e32-ac60-d49d377807e3] GET /.well-known/appspecific/com.chrome.devtools.json
[2025-09-18T12:29:28.838Z] [INFO] [IP: ::1] [48d364b2-66e8-4b14-a637-22b8cee21e28] GET /admin-panel.html?section=transactions
[2025-09-18T12:29:28.901Z] [INFO] [IP: ::1] [49c9becb-a82d-499b-807b-3091047063c6] GET /.well-known/appspecific/com.chrome.devtools.json
[2025-09-18T12:29:28.924Z] [INFO] [IP: ::1] [3cd8b7a4-6712-4300-a755-cbd5f297559a] GET /wp-content/plugins/elementor/assets/lib/font-awesome/css/all.mind1c0.css
[2025-09-18T12:29:28.989Z] [INFO] [IP: ::1] [63d12927-44ff-40de-835a-fedea7db855c] GET /admin.css
[2025-09-18T12:29:29.059Z] [INFO] [IP: ::1] [484f6cab-ceed-4215-80ef-f5b539229827] GET /main.js
[2025-09-18T12:29:29.107Z] [INFO] [IP: ::1] [09d9fcc5-28b9-4344-83a1-5be85fd1e81c] GET /utils.js
[2025-09-18T12:29:29.122Z] [INFO] [IP: ::1] [7c13a5cc-1564-4844-bea6-804d5021ba52] GET /search-handlers.js
[2025-09-18T12:29:29.124Z] [INFO] [IP: ::1] [fc90b7ac-9ca1-46d4-bb10-d39bc5067393] GET /action-handlers.js
[2025-09-18T12:29:29.126Z] [INFO] [IP: ::1] [7349d3a7-11e5-432e-a56f-4b0a84e569ea] GET /user-handlers.js
[2025-09-18T12:29:29.128Z] [INFO] [IP: ::1] [9fb98dcc-81d5-4cfd-877e-72199a81b9f1] GET /payment-schedule.js
[2025-09-18T12:29:29.129Z] [INFO] [IP: ::1] [cce8a9df-2478-4dcf-94f6-78e3ca0b886a] GET /transaction-handlers.js
[2025-09-18T12:29:29.150Z] [INFO] [IP: ::1] [3c7404da-667d-4828-a5d8-11ab88096088] GET /file-upload-handlers.js
[2025-09-18T12:29:29.153Z] [INFO] [IP: ::1] [086689c5-3063-4bce-bf72-17f9e495db59] GET /user-modal.js
[2025-09-18T12:29:29.155Z] [INFO] [IP: ::1] [de9e2e30-b6ac-44ca-8fc9-ce4639f1439c] GET /transaction.js
[2025-09-18T12:29:29.155Z] [INFO] [IP: ::1] [2301cf3e-4764-4705-b70d-f40fd28d0cb0] GET /navigation.js
[2025-09-18T12:29:29.156Z] [INFO] [IP: ::1] [9b77a133-d83b-4713-94a0-bf0f60204903] GET /menu.js
[2025-09-18T12:29:29.160Z] [INFO] [IP: ::1] [dc60f537-343b-429d-bac7-af1f21436650] GET /user-management.js
[2025-09-18T12:29:29.177Z] [INFO] [IP: ::1] [b83115c9-41d9-4c8a-b4f8-ddbafbed4478] GET /transaction-management.js
[2025-09-18T12:29:29.184Z] [INFO] [IP: ::1] [242dbc62-7ed8-4db2-a94e-680925c01500] GET /file-upload.js
[2025-09-18T12:29:29.185Z] [INFO] [IP: ::1] [cea31b1b-7f3a-4c64-8677-7577d1784510] GET /init-handlers.js
[2025-09-18T12:29:29.186Z] [INFO] [IP: ::1] [049d2d12-1e20-41ef-b998-a1e70007425b] GET /init.js
[2025-09-18T12:29:29.191Z] [INFO] [IP: ::1] [0ccb075b-c0a1-4653-b9e9-7b4daee7fd92] GET /api-utils.js
[2025-09-18T12:29:29.195Z] [INFO] [IP: ::1] [c375000d-fb5e-4d15-a231-2d932aa00841] GET /currency-converter.js
[2025-09-18T12:29:29.202Z] [INFO] [IP: ::1] [6697a5cd-740d-4d01-90a2-f75a26cd5f53] GET /modal.js
[2025-09-18T12:29:29.206Z] [INFO] [IP: ::1] [53f4e3dc-dfc9-429b-acfd-e44a88193bbe] GET /modal-handlers.js
[2025-09-18T12:29:29.409Z] [INFO] [IP: ::1] [a3cad0c4-781a-464f-aaaf-4d0d0a936020] GET /wp-content/plugins/elementor/assets/lib/font-awesome/webfonts/fa-solid-900.woff2
[2025-09-18T12:29:29.489Z] [INFO] [IP: ::1] [1f9f55e3-6bc0-4a4c-8b0a-8455f94c84ae] GET /api/auth/admin/validate
[2025-09-18T12:29:29.504Z] [INFO] [IP: ::1] [8c8dff45-4cb2-4b40-9b50-252a4b9bf42c] GET /api/v1/admin/transactions?page=1&limit=10
[2025-09-18T12:29:29.505Z] [INFO] [IP: ::1] [90b70145-2643-4dad-a6d2-22f84ceacaa2] GET /api/v1/admin/transactions?page=1&limit=10
[2025-09-18T12:29:29.524Z] [INFO] [IP: ::1] [7ce88fee-493f-4a7d-bdef-e47f38199e7c] GET /api/v1/admin/transactions?page=1&limit=1
[2025-09-18T12:29:29.527Z] [INFO] [IP: ::1] [845f3776-8359-4ce0-b40f-4ecfa82983df] GET /api/v1/admin/users?status=active
[2025-09-18T12:29:29.528Z] [INFO] [IP: ::1] [cf26b91c-2cad-4e12-b210-36f51a935c41] GET /favicon.ico
[2025-09-18T12:29:29.698Z] [INFO] [IP: ::1] [4f5e42c5-1577-492d-9c9c-8e661e09db4e] GET /favicon.ico
[2025-09-18T12:29:44.320Z] [INFO] [IP: ::1] [d98876a7-5a5e-4f81-b919-3bac819d3f31] GET /api/v1/admin/latest/PKR
[2025-09-18T12:32:46.577Z] [INFO] [IP: ::1] [31824527-5f32-4b41-9497-43be8665d246] GET /admin-panel.html?section=transactions
[2025-09-18T12:32:46.654Z] [INFO] [IP: ::1] [f225544f-72b4-4ba0-9ca3-4ae44ce618a9] GET /.well-known/appspecific/com.chrome.devtools.json
[2025-09-18T12:32:46.716Z] [INFO] [IP: ::1] [52fa2a78-0adc-4953-86d8-3a19aa3fc969] GET /wp-content/plugins/elementor/assets/lib/font-awesome/css/all.mind1c0.css
[2025-09-18T12:32:46.718Z] [INFO] [IP: ::1] [dd8f5149-5b2a-4717-8523-404155ad2984] GET /admin.css
[2025-09-18T12:32:46.727Z] [INFO] [IP: ::1] [a43039f8-7db2-4a64-ba54-d31487e3803a] GET /api-utils.js
[2025-09-18T12:32:46.732Z] [INFO] [IP: ::1] [00cbcc72-756d-44dc-a461-38fc629b8edb] GET /currency-converter.js
[2025-09-18T12:32:46.740Z] [INFO] [IP: ::1] [2c4f3dcb-a856-4e91-a623-4b9ac3d5089d] GET /modal.js
[2025-09-18T12:32:46.758Z] [INFO] [IP: ::1] [e4052705-993d-488b-9aca-c165c1de25ff] GET /search-handlers.js
[2025-09-18T12:32:46.761Z] [INFO] [IP: ::1] [ed7ef1cc-f731-4e69-934c-46e037d97be3] GET /action-handlers.js
[2025-09-18T12:32:46.767Z] [INFO] [IP: ::1] [dc7acfd4-445f-4462-a902-fe135b5fe1de] GET /user-handlers.js
[2025-09-18T12:32:46.770Z] [INFO] [IP: ::1] [61021cc3-839d-40ac-aaa7-903032f15c76] GET /payment-schedule.js
[2025-09-18T12:32:46.771Z] [INFO] [IP: ::1] [6f59aeff-14c4-4a4b-ac10-6eefae96b4e2] GET /transaction-handlers.js
[2025-09-18T12:32:46.785Z] [INFO] [IP: ::1] [ed2afe1d-0cfe-42a0-a2f9-792ee6af7f4d] GET /transaction.js
[2025-09-18T12:32:46.787Z] [INFO] [IP: ::1] [de9bdfdc-8ca6-4a3d-a1ef-ff8a5c8cc3f0] GET /navigation.js
[2025-09-18T12:32:46.796Z] [INFO] [IP: ::1] [341903f5-c89c-4331-9a99-066768227d2e] GET /menu.js
[2025-09-18T12:32:46.797Z] [INFO] [IP: ::1] [4f0d0e5a-9592-4a94-8da6-1c90b8925e5b] GET /user-management.js
[2025-09-18T12:32:46.797Z] [INFO] [IP: ::1] [b949fb57-f981-4e1c-b3f4-ca889f155d17] GET /main.js
[2025-09-18T12:32:46.819Z] [INFO] [IP: ::1] [0ab66141-2b76-4296-a90a-b0b02083799c] GET /init-handlers.js
[2025-09-18T12:32:46.820Z] [INFO] [IP: ::1] [7322e811-2123-4c9f-9aba-14b5b6c0ad87] GET /init.js
[2025-09-18T12:32:46.821Z] [INFO] [IP: ::1] [9e49c25c-a2c3-41c3-808a-cb5bf59342a4] GET /modal-handlers.js
[2025-09-18T12:32:46.822Z] [INFO] [IP: ::1] [28a1fea7-3469-44d6-a8cf-dfdc5514a578] GET /utils.js
[2025-09-18T12:32:46.823Z] [INFO] [IP: ::1] [7655ecf4-741b-4b69-80a5-44bfc8d797e9] GET /file-upload-handlers.js
[2025-09-18T12:32:46.834Z] [INFO] [IP: ::1] [42d73e01-4bef-4ae9-b380-8c16e6bec0e4] GET /transaction-management.js
[2025-09-18T12:32:46.840Z] [INFO] [IP: ::1] [87e6aaf1-802d-438a-a800-9aa53576b7a2] GET /file-upload.js
[2025-09-18T12:32:46.842Z] [INFO] [IP: ::1] [4cc1827b-e05e-4853-addc-30c94f320de4] GET /user-modal.js
[2025-09-18T12:32:47.148Z] [INFO] [IP: ::1] [8e77ddea-ebc6-4383-8e52-926490a50d29] GET /wp-content/plugins/elementor/assets/lib/font-awesome/webfonts/fa-solid-900.woff2
[2025-09-18T12:32:47.209Z] [INFO] [IP: ::1] [bef0fcff-0c1d-4014-a036-1982c9182af2] GET /api/auth/admin/validate
[2025-09-18T12:32:47.221Z] [INFO] [IP: ::1] [1aa14759-c471-409a-8975-7e47e5b2820e] GET /api/v1/admin/transactions?page=1&limit=10
[2025-09-18T12:32:47.222Z] [INFO] [IP: ::1] [86e6540d-2fe0-42c9-8286-9e55883220d5] GET /api/v1/admin/transactions?page=1&limit=10
[2025-09-18T12:32:47.241Z] [INFO] [IP: ::1] [dade7171-e49b-4b7d-9e9f-47e55ce8678b] GET /api/v1/admin/transactions?page=1&limit=1
[2025-09-18T12:32:47.244Z] [INFO] [IP: ::1] [5883f548-a2a5-4015-b74b-e6409f453bb8] GET /api/v1/admin/users?status=active
[2025-09-18T12:32:47.304Z] [INFO] [IP: ::1] [4ba31dde-d2fe-43b5-ad55-93eeab79913c] GET /favicon.ico
[2025-09-18T12:32:47.371Z] [INFO] [IP: ::1] [8b497079-263a-4738-a74a-221c3fbd70be] GET /favicon.ico
[2025-09-18T12:34:03.847Z] [INFO] [IP: ::1] [d01a20b1-ef3a-49ac-9688-70775dbd9b32] GET /.well-known/appspecific/com.chrome.devtools.json
[2025-09-18T12:34:03.880Z] [INFO] [IP: ::1] [1e5a2c6a-f2ed-4eb0-a798-d3a851bfb578] GET /wp-content/plugins/elementor/assets/lib/font-awesome/css/all.mind1c0.css
[2025-09-18T12:34:03.882Z] [INFO] [IP: ::1] [827620c2-646f-4761-b211-f59ab6dabbd4] GET /admin.css
[2025-09-18T12:34:03.899Z] [INFO] [IP: ::1] [d09039e1-b848-4ed8-9af0-1ec888e19af3] GET /.well-known/appspecific/com.chrome.devtools.json
[2025-09-18T12:34:38.380Z] [INFO] [IP: ::1] [48015a29-b1ac-4fc3-b163-ea8ec8332201] GET /admin-panel.html?section=transactions
[2025-09-18T12:34:38.425Z] [INFO] [IP: ::1] [bd23af5f-f1a2-4b50-befa-d5ebb65c630d] GET /.well-known/appspecific/com.chrome.devtools.json
[2025-09-18T12:34:38.450Z] [INFO] [IP: ::1] [d4ec380f-b50e-4750-8aa2-ba8dded2ecff] GET /wp-content/plugins/elementor/assets/lib/font-awesome/css/all.mind1c0.css
[2025-09-18T12:34:38.480Z] [INFO] [IP: ::1] [1a5d586f-5052-45cd-a429-ac5c8007ef70] GET /currency-converter.js
[2025-09-18T12:34:38.497Z] [INFO] [IP: ::1] [33631b40-0534-474f-898f-b7bbcc8eed5c] GET /admin.css
[2025-09-18T12:34:38.532Z] [INFO] [IP: ::1] [b7d8e566-fbb2-4392-9c2f-9588a1fb52b8] GET /file-upload-handlers.js
[2025-09-18T12:34:38.545Z] [INFO] [IP: ::1] [e71f7207-e774-4cba-9135-04d9747cd7da] GET /transaction.js
[2025-09-18T12:34:38.582Z] [INFO] [IP: ::1] [7bf40903-94ac-4f90-b3a4-99bd2ae063ee] GET /modal.js
[2025-09-18T12:34:38.583Z] [INFO] [IP: ::1] [8dabcd39-521e-4e6c-a5e1-66a556690d93] GET /modal-handlers.js
[2025-09-18T12:34:38.587Z] [INFO] [IP: ::1] [489fcd9a-835c-418e-8380-e549a5828082] GET /action-handlers.js
[2025-09-18T12:34:38.599Z] [INFO] [IP: ::1] [c7cc485e-7c6e-4f62-a192-d8b2df92f310] GET /user-handlers.js
[2025-09-18T12:34:38.600Z] [INFO] [IP: ::1] [2fc7312e-daaa-4a21-830e-5a4141073941] GET /payment-schedule.js
[2025-09-18T12:34:38.601Z] [INFO] [IP: ::1] [7602a5ee-ee99-43fd-876c-218949048c90] GET /transaction-handlers.js
[2025-09-18T12:34:38.617Z] [INFO] [IP: ::1] [9b6c9b2c-868f-4056-9f66-b4420c65fd49] GET /user-modal.js
[2025-09-18T12:34:38.621Z] [INFO] [IP: ::1] [c6d95728-8336-4166-a2f1-e88501494c7d] GET /navigation.js
[2025-09-18T12:34:38.622Z] [INFO] [IP: ::1] [ba5692af-61fb-4d8c-8a9a-a9fac7153e16] GET /menu.js
[2025-09-18T12:34:38.628Z] [INFO] [IP: ::1] [6f7263b6-2321-4d75-be6b-28efc4bad5f6] GET /user-management.js
[2025-09-18T12:34:38.641Z] [INFO] [IP: ::1] [192b5f74-30df-445a-b6e3-ca1cfa3118c8] GET /main.js
[2025-09-18T12:34:38.643Z] [INFO] [IP: ::1] [523f04cd-13d1-4517-af04-11dd4da1a4ee] GET /transaction-management.js
[2025-09-18T12:34:38.650Z] [INFO] [IP: ::1] [370c5b32-736a-452e-9979-cdb902e708ed] GET /file-upload.js
[2025-09-18T12:34:38.655Z] [INFO] [IP: ::1] [08d55f0f-67e6-494a-a1c5-f2b68dda53b4] GET /init-handlers.js
[2025-09-18T12:34:38.656Z] [INFO] [IP: ::1] [0b05d142-bc5c-4d12-b524-7a3b46022133] GET /init.js
[2025-09-18T12:34:38.665Z] [INFO] [IP: ::1] [5decaf1e-c257-4f4a-8ea6-d4521fa0024f] GET /api-utils.js
[2025-09-18T12:34:38.671Z] [INFO] [IP: ::1] [ac6d448d-3ab9-44ab-aa6e-99ea7c21d2a3] GET /utils.js
[2025-09-18T12:34:38.672Z] [INFO] [IP: ::1] [e2b17c5e-43f0-4d4d-bfa4-7f4d8ca38f94] GET /search-handlers.js
[2025-09-18T12:34:38.851Z] [INFO] [IP: ::1] [9bc74945-93bc-45d8-b4a0-a18a5cf137dc] GET /wp-content/plugins/elementor/assets/lib/font-awesome/webfonts/fa-solid-900.woff2
[2025-09-18T12:34:38.921Z] [INFO] [IP: ::1] [cd78925f-b1c2-4d4e-9762-c4e434db65b6] GET /api/auth/admin/validate
[2025-09-18T12:34:38.935Z] [INFO] [IP: ::1] [55a20042-d9d3-4a7b-b16a-0ba537b19942] GET /api/v1/admin/transactions?page=1&limit=10
[2025-09-18T12:34:38.936Z] [INFO] [IP: ::1] [2626e0fa-b951-4b4b-9870-7ec8452d7590] GET /api/v1/admin/transactions?page=1&limit=10
[2025-09-18T12:34:38.963Z] [INFO] [IP: ::1] [02731e8f-6776-4543-a80c-3638cc35e1d6] GET /api/v1/admin/transactions?page=1&limit=1
[2025-09-18T12:34:38.972Z] [INFO] [IP: ::1] [cc8ca659-f107-4ff6-a1c9-79048511ca48] GET /api/v1/admin/users?status=active
[2025-09-18T12:34:38.981Z] [INFO] [IP: ::1] [97450ffc-ec46-4523-8252-5502e4a03ee7] GET /favicon.ico
[2025-09-18T12:34:39.090Z] [INFO] [IP: ::1] [fe284ea7-2020-4def-97b6-1c557f593f32] GET /favicon.ico
[2025-09-18T12:34:57.240Z] [INFO] [IP: ::1] [660ef80e-659f-4e00-9da4-ab1702e2bf06] GET /admin-panel.html?section=transactions
[2025-09-18T12:34:57.293Z] [INFO] [IP: ::1] [916ae923-0aa9-4422-8063-080033aaea32] GET /.well-known/appspecific/com.chrome.devtools.json
[2025-09-18T12:34:57.318Z] [INFO] [IP: ::1] [3473c0fc-67b3-4a3d-94b0-87798635756a] GET /wp-content/plugins/elementor/assets/lib/font-awesome/css/all.mind1c0.css
[2025-09-18T12:34:57.348Z] [INFO] [IP: ::1] [01720cb7-8749-40f5-b50c-7f6b32dfc7f4] GET /currency-converter.js
[2025-09-18T12:34:57.416Z] [INFO] [IP: ::1] [e44f79b2-5af7-4a0e-bfad-8389fc2eee73] GET /admin.css
[2025-09-18T12:34:57.465Z] [INFO] [IP: ::1] [89d60d53-134f-49bb-86f7-b2b564b5a5d3] GET /user-management.js
[2025-09-18T12:34:57.499Z] [INFO] [IP: ::1] [34ce3a91-2883-4658-aa7b-b204cf5b8103] GET /search-handlers.js
[2025-09-18T12:34:57.501Z] [INFO] [IP: ::1] [eab185bd-d0a7-4628-ad23-93b068b7b831] GET /action-handlers.js
[2025-09-18T12:34:57.512Z] [INFO] [IP: ::1] [7128c3cb-eaf9-4c28-a329-14e8907fa305] GET /user-handlers.js
[2025-09-18T12:34:57.514Z] [INFO] [IP: ::1] [61adf168-0888-49ce-8381-1f3038db9dfc] GET /payment-schedule.js
[2025-09-18T12:34:57.515Z] [INFO] [IP: ::1] [c72db4d2-e03f-405c-81d2-e1bea248e1d1] GET /transaction-handlers.js
[2025-09-18T12:34:57.516Z] [INFO] [IP: ::1] [06b39b76-1022-4122-95dc-771427be790f] GET /file-upload-handlers.js
[2025-09-18T12:34:57.527Z] [INFO] [IP: ::1] [defe1170-e03a-4dd5-b8a3-6100774d1434] GET /user-modal.js
[2025-09-18T12:34:57.529Z] [INFO] [IP: ::1] [7472f612-8834-4b5e-bad3-f7d706418f1d] GET /transaction.js
[2025-09-18T12:34:57.533Z] [INFO] [IP: ::1] [4f7bc4da-60b6-4efa-98dc-928c8f5669ce] GET /navigation.js
[2025-09-18T12:34:57.535Z] [INFO] [IP: ::1] [62bee0ea-4c2d-4545-bfc6-333159dc63de] GET /menu.js
[2025-09-18T12:34:57.536Z] [INFO] [IP: ::1] [d966822c-4846-4f5f-b756-6b604f6962a6] GET /main.js
[2025-09-18T12:34:57.541Z] [INFO] [IP: ::1] [2a0261e0-8eac-4273-88c3-e7ae59c8d9ed] GET /transaction-management.js
[2025-09-18T12:34:57.557Z] [INFO] [IP: ::1] [a9a95569-bd62-4c70-9493-ac39a9d06da9] GET /file-upload.js
[2025-09-18T12:34:57.561Z] [INFO] [IP: ::1] [44cb4657-88c9-489e-ac78-293d820db41d] GET /init-handlers.js
[2025-09-18T12:34:57.566Z] [INFO] [IP: ::1] [6a70d6e3-a77d-47d6-aaa8-709850e69f07] GET /init.js
[2025-09-18T12:34:57.567Z] [INFO] [IP: ::1] [ff3d3751-2320-4feb-b5e1-ed27c88f98a2] GET /api-utils.js
[2025-09-18T12:34:57.568Z] [INFO] [IP: ::1] [13985670-7139-4079-953c-bb836f6182be] GET /modal.js
[2025-09-18T12:34:57.571Z] [INFO] [IP: ::1] [db910e7b-b8da-4b5f-8568-09f36578a46f] GET /modal-handlers.js
[2025-09-18T12:34:57.578Z] [INFO] [IP: ::1] [f04c93ba-c4ce-478c-b6d0-4dca41114f5e] GET /utils.js
[2025-09-18T12:34:57.772Z] [INFO] [IP: ::1] [49f7ef17-8af4-4300-9258-671d42dcc5c6] GET /wp-content/plugins/elementor/assets/lib/font-awesome/webfonts/fa-solid-900.woff2
[2025-09-18T12:34:57.832Z] [INFO] [IP: ::1] [de892491-ce78-4063-99c0-22b293b9a49b] GET /api/auth/admin/validate
[2025-09-18T12:34:57.840Z] [INFO] [IP: ::1] [6b36c96f-904f-4cda-83c1-ceec06b96089] GET /api/v1/admin/transactions?page=1&limit=10
[2025-09-18T12:34:57.850Z] [INFO] [IP: ::1] [022c5d08-407d-454f-a567-a0041a299729] GET /api/v1/admin/transactions?page=1&limit=10
[2025-09-18T12:34:57.862Z] [INFO] [IP: ::1] [5334ef2a-88ba-4490-843d-0e56c68f625f] GET /api/v1/admin/transactions?page=1&limit=1
[2025-09-18T12:34:57.869Z] [INFO] [IP: ::1] [6924bf24-a8ca-4dd6-a286-2c9a46e6fc9a] GET /api/v1/admin/users?status=active
[2025-09-18T12:34:57.872Z] [INFO] [IP: ::1] [d6534c18-dbde-456e-8117-86a43887610f] GET /favicon.ico
[2025-09-18T12:34:57.970Z] [INFO] [IP: ::1] [13d344ef-359b-41e0-8edb-c4276d032633] GET /favicon.ico
[2025-09-18T12:34:58.435Z] [INFO] [IP: ::1] [b9e51367-029b-4210-9c5c-ed11ca1f7349] GET /admin-panel.html?section=transactions
[2025-09-18T12:34:58.503Z] [INFO] [IP: ::1] [415a5eb1-9f48-47bf-9746-919873484aa2] GET /.well-known/appspecific/com.chrome.devtools.json
[2025-09-18T12:34:58.529Z] [INFO] [IP: ::1] [b718c4f2-ffec-4af1-a2f2-2b90efe9fcc0] GET /wp-content/plugins/elementor/assets/lib/font-awesome/css/all.mind1c0.css
[2025-09-18T12:34:58.530Z] [INFO] [IP: ::1] [04ca3afc-7727-47c2-9d7c-f4a3cc52b916] GET /admin.css
[2025-09-18T12:34:58.532Z] [INFO] [IP: ::1] [2905be88-8689-40c6-9862-91a8961d1b12] GET /api-utils.js
[2025-09-18T12:34:58.535Z] [INFO] [IP: ::1] [ce6a2c16-5f2c-464b-9eb7-742c48885d7a] GET /currency-converter.js
[2025-09-18T12:34:58.538Z] [INFO] [IP: ::1] [50e1c444-01bb-4d2f-8150-f1f9ca4833d3] GET /modal.js
[2025-09-18T12:34:58.545Z] [INFO] [IP: ::1] [8b290a48-683b-41d8-88f2-78f4ece6fb64] GET /modal-handlers.js
[2025-09-18T12:34:58.550Z] [INFO] [IP: ::1] [ee65b129-be25-46bf-8702-e9dbab907f15] GET /utils.js
[2025-09-18T12:34:58.555Z] [INFO] [IP: ::1] [3d62245d-76f1-4e36-b5d2-a65550ff38cd] GET /search-handlers.js
[2025-09-18T12:34:58.567Z] [INFO] [IP: ::1] [6f30a1a3-bc39-4f84-9ecd-751a406dd791] GET /action-handlers.js
[2025-09-18T12:34:58.572Z] [INFO] [IP: ::1] [1bff5ae4-5b2c-4f2c-9fe9-02d7d885cf53] GET /user-handlers.js
[2025-09-18T12:34:58.578Z] [INFO] [IP: ::1] [31b74a32-e332-442f-8998-4867c7200718] GET /payment-schedule.js
[2025-09-18T12:34:58.582Z] [INFO] [IP: ::1] [da97d701-e976-40cd-92e6-da0d06a0aa28] GET /transaction-handlers.js
[2025-09-18T12:34:58.583Z] [INFO] [IP: ::1] [6d293096-54e5-4ba5-b7c3-c002c86665a1] GET /file-upload-handlers.js
[2025-09-18T12:34:58.585Z] [INFO] [IP: ::1] [3a205803-34ce-4eb1-bf0f-153418ee66a5] GET /user-modal.js
[2025-09-18T12:34:58.595Z] [INFO] [IP: ::1] [6c6959f6-00b1-4d3d-ac95-a939442bc019] GET /transaction.js
[2025-09-18T12:34:58.604Z] [INFO] [IP: ::1] [34f02eeb-a4e3-431c-b264-1e79b59c71b5] GET /navigation.js
[2025-09-18T12:34:58.609Z] [INFO] [IP: ::1] [7bd0ba1f-b111-4b31-9c1b-cf0e120dc71e] GET /menu.js
[2025-09-18T12:34:58.614Z] [INFO] [IP: ::1] [26c9eb6b-773f-49a3-957b-bd93eb8d77b1] GET /user-management.js
[2025-09-18T12:34:58.614Z] [INFO] [IP: ::1] [cd407be2-0e56-4509-824b-685731e9459e] GET /main.js
[2025-09-18T12:34:58.617Z] [INFO] [IP: ::1] [abf16850-24b3-427a-8047-ace9e3ccc510] GET /transaction-management.js
[2025-09-18T12:34:58.621Z] [INFO] [IP: ::1] [0b9a57f1-daeb-4b01-8ed2-957a17b5b4df] GET /file-upload.js
[2025-09-18T12:34:58.632Z] [INFO] [IP: ::1] [0d3f86cf-2202-466a-9922-cb688c736ec7] GET /init-handlers.js
[2025-09-18T12:34:58.634Z] [INFO] [IP: ::1] [3f9af57e-d4ce-4ea1-a83d-990869a2b574] GET /init.js
[2025-09-18T12:34:58.943Z] [INFO] [IP: ::1] [fd791438-c103-42e0-88cf-bdcac5384230] GET /admin-panel.html?section=transactions
[2025-09-18T12:34:58.998Z] [INFO] [IP: ::1] [e9ffcc01-567b-4aee-abdd-9e99fc3c3d34] GET /.well-known/appspecific/com.chrome.devtools.json
[2025-09-18T12:34:59.000Z] [INFO] [IP: ::1] [c29bd79b-8a0c-401d-911a-ea778fce9b4d] GET /wp-content/plugins/elementor/assets/lib/font-awesome/css/all.mind1c0.css
[2025-09-18T12:34:59.004Z] [INFO] [IP: ::1] [e8485e3e-5531-4635-b022-5360c3b66034] GET /admin.css
[2025-09-18T12:34:59.005Z] [INFO] [IP: ::1] [19ff8220-694c-4646-8fe4-d84551e92c1c] GET /api-utils.js
[2025-09-18T12:34:59.011Z] [INFO] [IP: ::1] [e45c5660-dd5f-448f-b529-3121bf7f55a2] GET /currency-converter.js
[2025-09-18T12:34:59.013Z] [INFO] [IP: ::1] [2d39d102-f9e8-4e1a-969b-a0367a6d259c] GET /modal.js
[2025-09-18T12:34:59.033Z] [INFO] [IP: ::1] [0331eda4-2e50-4abe-9288-f6df3b5d1f98] GET /modal-handlers.js
[2025-09-18T12:34:59.047Z] [INFO] [IP: ::1] [384eb78d-5678-423e-b8fa-3459fe535dc5] GET /utils.js
[2025-09-18T12:34:59.048Z] [INFO] [IP: ::1] [342e00cb-f069-4a24-8eb6-f481030b6e33] GET /search-handlers.js
[2025-09-18T12:34:59.049Z] [INFO] [IP: ::1] [a99b1dfe-6862-4650-a2e3-34494afbe071] GET /action-handlers.js
[2025-09-18T12:34:59.050Z] [INFO] [IP: ::1] [9bd45453-5326-4505-a816-2fabe720ca37] GET /user-handlers.js
[2025-09-18T12:34:59.073Z] [INFO] [IP: ::1] [1e367ea5-8864-4dd8-9c75-fbf179a61e8e] GET /file-upload-handlers.js
[2025-09-18T12:34:59.086Z] [INFO] [IP: ::1] [6481dfb1-8adf-4e6d-8f3d-7312600163aa] GET /user-modal.js
[2025-09-18T12:34:59.087Z] [INFO] [IP: ::1] [ead99c0b-780d-4dee-b048-0ba5dad360a1] GET /transaction.js
[2025-09-18T12:34:59.087Z] [INFO] [IP: ::1] [919737d1-59b3-4b48-90d3-14ce263ba5cd] GET /navigation.js
[2025-09-18T12:34:59.088Z] [INFO] [IP: ::1] [d48f4546-39c3-4067-bcec-3dd7fb6a7c89] GET /menu.js
[2025-09-18T12:34:59.109Z] [INFO] [IP: ::1] [887166a9-051a-4976-99a9-d4f112a5b979] GET /transaction-management.js
[2025-09-18T12:34:59.119Z] [INFO] [IP: ::1] [941a588c-3d2f-42ed-af75-66bf9094917a] GET /file-upload.js
[2025-09-18T12:34:59.120Z] [INFO] [IP: ::1] [9dafd1e3-ba83-4196-8019-b38e2920bf80] GET /init-handlers.js
[2025-09-18T12:34:59.120Z] [INFO] [IP: ::1] [5616e265-8e6e-4a12-a211-5a54d74f1ab7] GET /init.js
[2025-09-18T12:34:59.121Z] [INFO] [IP: ::1] [7dad934a-621e-4bb5-af22-386e64e3f9d0] GET /payment-schedule.js
[2025-09-18T12:34:59.139Z] [INFO] [IP: ::1] [4ebc07a6-52d0-48a4-8e19-7497ea248f5b] GET /user-management.js
[2025-09-18T12:34:59.146Z] [INFO] [IP: ::1] [e56a9568-3925-4889-bfd4-38796495dec2] GET /main.js
[2025-09-18T12:34:59.150Z] [INFO] [IP: ::1] [87eddd0d-7a09-46a0-bd74-87f4c95f6ba9] GET /transaction-handlers.js
[2025-09-18T12:34:59.382Z] [INFO] [IP: ::1] [77fe5fce-b744-4f10-af36-365f25f429b1] GET /admin-panel.html?section=transactions
[2025-09-18T12:34:59.441Z] [INFO] [IP: ::1] [421220c2-19d2-41d0-8296-145962b93c8a] GET /admin-panel.html?section=transactions
[2025-09-18T12:34:59.470Z] [INFO] [IP: ::1] [e5411e5c-4473-44d7-b4ab-365bc879082d] GET /.well-known/appspecific/com.chrome.devtools.json
[2025-09-18T12:34:59.472Z] [INFO] [IP: ::1] [60fab923-b3d4-4df4-b5e9-8ec26afdeadb] GET /wp-content/plugins/elementor/assets/lib/font-awesome/css/all.mind1c0.css
[2025-09-18T12:34:59.481Z] [INFO] [IP: ::1] [8b9cff04-bd40-4c28-8220-6229b4ea8aea] GET /admin.css
[2025-09-18T12:34:59.483Z] [INFO] [IP: ::1] [0638b73f-9639-4601-b24e-51460f118f8e] GET /api-utils.js
[2025-09-18T12:34:59.487Z] [INFO] [IP: ::1] [0ae95c34-c2e9-4484-aeaa-877521a9cf7b] GET /currency-converter.js
[2025-09-18T12:34:59.491Z] [INFO] [IP: ::1] [a444d0ee-6a26-4ba8-bc04-5e21648bbae5] GET /modal.js
[2025-09-18T12:34:59.494Z] [INFO] [IP: ::1] [2f4dd279-fe12-4ae1-9b24-200b0a0d21bb] GET /modal-handlers.js
[2025-09-18T12:34:59.497Z] [INFO] [IP: ::1] [0470b3eb-6bf8-4a2f-a46a-ec17d91ed590] GET /utils.js
[2025-09-18T12:34:59.505Z] [INFO] [IP: ::1] [1a68dc80-7180-4ee2-9bd6-408c36c3d367] GET /search-handlers.js
[2025-09-18T12:34:59.512Z] [INFO] [IP: ::1] [e7e24ab8-70a7-4931-b330-925eaf1c3bda] GET /action-handlers.js
[2025-09-18T12:34:59.520Z] [INFO] [IP: ::1] [f0962cbf-2c94-4804-a3c4-f60eeab41a3d] GET /user-handlers.js
[2025-09-18T12:34:59.529Z] [INFO] [IP: ::1] [37449822-0788-40eb-9f34-d21ae48fc4f5] GET /payment-schedule.js
[2025-09-18T12:34:59.532Z] [INFO] [IP: ::1] [f6683b9a-54bb-46e0-8db3-9f89601cb62b] GET /transaction-handlers.js
[2025-09-18T12:34:59.547Z] [INFO] [IP: ::1] [cf100ffd-2e58-419f-bb12-a14ed2f857b4] GET /file-upload-handlers.js
[2025-09-18T12:34:59.556Z] [INFO] [IP: ::1] [40006937-4d69-4813-8633-cd198b13f236] GET /user-modal.js
[2025-09-18T12:34:59.567Z] [INFO] [IP: ::1] [2b40e349-c0e2-4c28-b279-81ae5d326f0b] GET /transaction.js
[2025-09-18T12:34:59.576Z] [INFO] [IP: ::1] [2429a32c-ebf1-4cb9-917f-c80dedca0f0d] GET /navigation.js
[2025-09-18T12:34:59.593Z] [INFO] [IP: ::1] [e55e3c8c-3ac8-44f2-97d1-c0d978eb6f9e] GET /menu.js
[2025-09-18T12:34:59.595Z] [INFO] [IP: ::1] [78ba6bdf-86bb-42f6-ab9f-698f80fcd003] GET /user-management.js
[2025-09-18T12:34:59.596Z] [INFO] [IP: ::1] [93b71475-520e-4bd8-ab89-cbe01a85bd60] GET /main.js
[2025-09-18T12:34:59.603Z] [INFO] [IP: ::1] [cfc1c1a3-1799-40ab-b7dc-4089dacd2c22] GET /transaction-management.js
[2025-09-18T12:34:59.633Z] [INFO] [IP: ::1] [92601825-c588-4782-939a-1acb6506fbf0] GET /file-upload.js
[2025-09-18T12:34:59.880Z] [INFO] [IP: ::1] [9165f16d-bb93-482d-8e8c-78c48ddddf83] GET /init-handlers.js
[2025-09-18T12:34:59.883Z] [INFO] [IP: ::1] [b2689573-6fb2-4ba1-8ac3-6aaf5354a631] GET /init.js
[2025-09-18T12:34:59.959Z] [INFO] [IP: ::1] [5afe1704-c248-4ead-b548-c6bd301ddc38] GET /.well-known/appspecific/com.chrome.devtools.json
[2025-09-18T12:34:59.962Z] [INFO] [IP: ::1] [31158a05-b376-4a6b-849b-9734cd36f4a8] GET /wp-content/plugins/elementor/assets/lib/font-awesome/css/all.mind1c0.css
[2025-09-18T12:34:59.973Z] [INFO] [IP: ::1] [28c6e55a-c4bc-4d4f-a335-377a3ca6f24d] GET /admin.css
[2025-09-18T12:34:59.974Z] [INFO] [IP: ::1] [fbcd6725-60ad-4516-b6b6-7c3ab83ea09b] GET /api-utils.js
[2025-09-18T12:34:59.978Z] [INFO] [IP: ::1] [6a617d6b-e003-4875-a4f3-22532398f9d6] GET /currency-converter.js
[2025-09-18T12:34:59.981Z] [INFO] [IP: ::1] [7098e197-e347-41d7-b805-232aabe16bfa] GET /modal.js
[2025-09-18T12:35:00.000Z] [INFO] [IP: ::1] [677b3f8c-8557-49ee-8b86-462089504246] GET /modal-handlers.js
[2025-09-18T12:35:00.002Z] [INFO] [IP: ::1] [250ce992-f48a-43dd-a63a-f722feb7ceac] GET /utils.js
[2025-09-18T12:35:00.010Z] [INFO] [IP: ::1] [2af0ea5a-733d-4921-b561-16f987f3631b] GET /search-handlers.js
[2025-09-18T12:35:00.015Z] [INFO] [IP: ::1] [030c4f6c-6561-4913-a002-bda0453da5d8] GET /action-handlers.js
[2025-09-18T12:35:00.048Z] [INFO] [IP: ::1] [e90f0ecf-7a61-402e-94f8-2b23fd1aba0c] GET /transaction-handlers.js
[2025-09-18T12:35:00.050Z] [INFO] [IP: ::1] [bf543d2f-8cca-47b1-9300-77cc0b2d60cf] GET /file-upload-handlers.js
[2025-09-18T12:35:00.071Z] [INFO] [IP: ::1] [2183b106-c1bb-424f-ad92-6e5eb951464c] GET /user-modal.js
[2025-09-18T12:35:00.091Z] [INFO] [IP: ::1] [03a98681-01a4-4c55-80f6-007b58d18ac2] GET /transaction.js
[2025-09-18T12:35:00.137Z] [INFO] [IP: ::1] [3b4a6e89-a0fa-4e8a-beb1-8f6d86c736b5] GET /main.js
[2025-09-18T12:35:00.139Z] [INFO] [IP: ::1] [37a9b314-0f1c-425a-bb09-a627e6b3cb11] GET /transaction-management.js
[2025-09-18T12:35:00.157Z] [INFO] [IP: ::1] [906b9587-2972-4302-a36f-18d1ff3b65cc] GET /init-handlers.js
[2025-09-18T12:35:00.166Z] [INFO] [IP: ::1] [efb2fce5-d876-4009-9179-4f1b683c1532] GET /payment-schedule.js
[2025-09-18T12:35:00.168Z] [INFO] [IP: ::1] [b6db41a4-0cf7-4fd1-9a28-dc012a495e9a] GET /navigation.js
[2025-09-18T12:35:00.179Z] [INFO] [IP: ::1] [5be74b30-9740-4ee4-a0a0-f48f323417a5] GET /menu.js
[2025-09-18T12:35:00.182Z] [INFO] [IP: ::1] [747aa51d-6ad7-423f-9e1b-dfdcae4287c7] GET /user-management.js
[2025-09-18T12:35:00.184Z] [INFO] [IP: ::1] [055db130-74a7-4383-97f9-b3ae90632486] GET /file-upload.js
[2025-09-18T12:35:00.188Z] [INFO] [IP: ::1] [20fc4686-84e5-43c9-ae52-bbf234f303e0] GET /init.js
[2025-09-18T12:35:00.192Z] [INFO] [IP: ::1] [fb48f03f-a7e1-42da-bbb5-961d27ed8ece] GET /user-handlers.js
[2025-09-18T12:35:00.367Z] [INFO] [IP: ::1] [396f0d0a-bfb2-40cd-b5ed-03ff04580636] GET /admin-panel.html?section=transactions
[2025-09-18T12:35:00.434Z] [INFO] [IP: ::1] [120d22a2-fd8b-4f0c-9331-fd1870431540] GET /admin-panel.html?section=transactions
[2025-09-18T12:35:00.461Z] [INFO] [IP: ::1] [b4d547c3-3690-42c9-9ba8-215b91bf2faa] GET /wp-content/plugins/elementor/assets/lib/font-awesome/css/all.mind1c0.css
[2025-09-18T12:35:00.474Z] [INFO] [IP: ::1] [78dc138c-dcb7-4f43-b3c6-f213fe36d124] GET /.well-known/appspecific/com.chrome.devtools.json
[2025-09-18T12:35:00.477Z] [INFO] [IP: ::1] [df7c287e-5a69-4446-9cbb-7935ee227fdd] GET /admin.css
[2025-09-18T12:35:00.478Z] [INFO] [IP: ::1] [a6e2df3b-d28e-42dc-b11e-4965c2f910f8] GET /api-utils.js
[2025-09-18T12:35:00.480Z] [INFO] [IP: ::1] [e23cbb07-0e3c-4f52-a953-bfaeb8e4acea] GET /currency-converter.js
[2025-09-18T12:35:00.481Z] [INFO] [IP: ::1] [69ff9dea-72e8-4df9-8286-c8cc0d95cad9] GET /modal.js
[2025-09-18T12:35:00.487Z] [INFO] [IP: ::1] [90c9d4d1-bb60-4f9d-acfa-79836cfa71a7] GET /modal-handlers.js
[2025-09-18T12:35:00.511Z] [INFO] [IP: ::1] [c7830c4c-a07c-49ee-95b8-cff55ccb0137] GET /utils.js
[2025-09-18T12:35:00.512Z] [INFO] [IP: ::1] [ac6fef9e-49f7-4e59-b76e-6aea99aad07f] GET /search-handlers.js
[2025-09-18T12:35:00.515Z] [INFO] [IP: ::1] [cdcfeb51-89b5-4c9e-a9ff-e2b52a2a2e9e] GET /user-handlers.js
[2025-09-18T12:35:00.520Z] [INFO] [IP: ::1] [35ee90cb-c20b-4b33-a48f-4726974b7ac6] GET /payment-schedule.js
[2025-09-18T12:35:00.524Z] [INFO] [IP: ::1] [c1e1ce0f-152c-4667-a627-69979b08c4fc] GET /transaction-handlers.js
[2025-09-18T12:35:00.559Z] [INFO] [IP: ::1] [40afd4d7-5cd3-42db-ac0f-1ffe18b61972] GET /user-modal.js
[2025-09-18T12:35:00.561Z] [INFO] [IP: ::1] [c4de34b5-8542-4a9f-9344-7a26d6573719] GET /transaction.js
[2025-09-18T12:35:00.562Z] [INFO] [IP: ::1] [08d478e3-c71a-48cc-8f0a-de03005383f1] GET /navigation.js
[2025-09-18T12:35:00.573Z] [INFO] [IP: ::1] [22264731-c0f6-4daa-bc60-ecdc2b9f5041] GET /user-management.js
[2025-09-18T12:35:00.574Z] [INFO] [IP: ::1] [f9102903-4aea-44bb-9f4f-43e40feec885] GET /main.js
[2025-09-18T12:35:00.597Z] [INFO] [IP: ::1] [722d3386-23ee-4e23-95c2-1cad8044b742] GET /init-handlers.js
[2025-09-18T12:35:00.599Z] [INFO] [IP: ::1] [072664a2-5342-4b67-b277-fcc701c16081] GET /init.js
[2025-09-18T12:35:00.600Z] [INFO] [IP: ::1] [832d44a1-ef15-4e65-b91e-4d88de20d77e] GET /action-handlers.js
[2025-09-18T12:35:00.601Z] [INFO] [IP: ::1] [0c97b8db-bce4-4c43-9e12-13c1ab58188e] GET /file-upload-handlers.js
[2025-09-18T12:35:00.604Z] [INFO] [IP: ::1] [183f0ed5-928a-4963-9c80-0d81cb1e5491] GET /transaction-management.js
[2025-09-18T12:35:00.613Z] [INFO] [IP: ::1] [fea095b1-5cfc-465c-8d44-e12cd0c4f6f2] GET /file-upload.js
[2025-09-18T12:35:00.618Z] [INFO] [IP: ::1] [f6b5e744-18e6-4926-b718-9dbcf62c821f] GET /menu.js
[2025-09-18T12:35:00.889Z] [INFO] [IP: ::1] [1e59b780-90ed-4d97-9ee7-808b297c0b41] GET /wp-content/plugins/elementor/assets/lib/font-awesome/css/all.mind1c0.css
[2025-09-18T12:35:00.893Z] [INFO] [IP: ::1] [7011c63a-0389-4834-ba14-6269e9cdb211] GET /admin.css
[2025-09-18T12:35:00.894Z] [INFO] [IP: ::1] [38928378-d717-4de6-8627-0d2d3af3e9cb] GET /api-utils.js
[2025-09-18T12:35:00.896Z] [INFO] [IP: ::1] [766a0259-a218-4a1a-bf70-a42e11d86abe] GET /currency-converter.js
[2025-09-18T12:35:00.899Z] [INFO] [IP: ::1] [ee73e610-79a7-40b9-baba-0ab2a0589923] GET /modal.js
[2025-09-18T12:35:00.900Z] [INFO] [IP: ::1] [a71538eb-bc08-4cad-bb56-7601e620b10c] GET /modal-handlers.js
[2025-09-18T12:35:00.906Z] [INFO] [IP: ::1] [42f852c0-2d90-4b90-aef5-972754454982] GET /utils.js
[2025-09-18T12:35:00.915Z] [INFO] [IP: ::1] [b50434da-0964-42dc-8de7-2d5e73a848e4] GET /search-handlers.js
[2025-09-18T12:35:00.916Z] [INFO] [IP: ::1] [707ab71f-1d6c-4bd6-9515-203a28fed06d] GET /action-handlers.js
[2025-09-18T12:35:00.923Z] [INFO] [IP: ::1] [95e63c9c-bbe0-4a5a-90d5-b8a088808421] GET /user-handlers.js
[2025-09-18T12:35:00.927Z] [INFO] [IP: ::1] [4c3b931a-fc10-42d2-ba59-aea32a385b57] GET /payment-schedule.js
[2025-09-18T12:35:00.928Z] [INFO] [IP: ::1] [9904f40a-0323-49dc-91fc-1336982b0cab] GET /transaction-handlers.js
[2025-09-18T12:35:00.935Z] [INFO] [IP: ::1] [bf7a8be0-d3c3-4488-b203-132f5dffe391] GET /file-upload-handlers.js
[2025-09-18T12:35:00.945Z] [INFO] [IP: ::1] [a3cfde1a-c433-4a77-97d3-27b6dd842e95] GET /user-modal.js
[2025-09-18T12:35:00.946Z] [INFO] [IP: ::1] [14b2be79-154c-430a-94b4-9e5424def33e] GET /transaction.js
[2025-09-18T12:35:00.950Z] [INFO] [IP: ::1] [f9fb603c-a467-4ff5-a4df-6a0196a24f27] GET /navigation.js
[2025-09-18T12:35:00.952Z] [INFO] [IP: ::1] [6775ac7e-0d89-467e-a134-a6afb2477b62] GET /menu.js
[2025-09-18T12:35:00.958Z] [INFO] [IP: ::1] [a36e33de-2361-4774-85d7-43a066d8015b] GET /user-management.js
[2025-09-18T12:35:00.962Z] [INFO] [IP: ::1] [b1e0d1e9-9dd7-4948-bdda-d5cde9d18f39] GET /main.js
[2025-09-18T12:35:00.969Z] [INFO] [IP: ::1] [551d5fa4-40b0-4f81-95a5-2b0167effbc6] GET /transaction-management.js
[2025-09-18T12:35:00.975Z] [INFO] [IP: ::1] [ec67bc9a-8f33-4dba-b991-d2f9652d1193] GET /file-upload.js
[2025-09-18T12:35:00.979Z] [INFO] [IP: ::1] [a6cef497-456e-42ba-8a09-f8faca41bc27] GET /init-handlers.js
[2025-09-18T12:35:00.980Z] [INFO] [IP: ::1] [d71259fb-059f-444d-b32b-50afc6ae87e0] GET /init.js
[2025-09-18T12:35:00.982Z] [INFO] [IP: ::1] [cdae7931-5aff-4eba-9251-52dafbfadde1] GET /.well-known/appspecific/com.chrome.devtools.json
[2025-09-18T12:35:01.295Z] [INFO] [IP: ::1] [72fb0e9c-9220-4f8d-af1d-ffacc9ac0f6e] GET /wp-content/plugins/elementor/assets/lib/font-awesome/webfonts/fa-solid-900.woff2
[2025-09-18T12:35:01.341Z] [INFO] [IP: ::1] [002feed3-cde0-478e-8d1e-27158f217172] GET /api/auth/admin/validate
[2025-09-18T12:35:01.351Z] [INFO] [IP: ::1] [3c69de9e-cbe9-4bd5-82d3-19c5f0cda3ee] GET /api/v1/admin/transactions?page=1&limit=10
[2025-09-18T12:35:01.354Z] [INFO] [IP: ::1] [f09ede4e-b9b7-4969-940e-d3877388cbc0] GET /api/v1/admin/transactions?page=1&limit=10
[2025-09-18T12:35:01.373Z] [INFO] [IP: ::1] [ff9eb46f-0370-4227-9566-abaf44b34d7b] GET /api/v1/admin/transactions?page=1&limit=1
[2025-09-18T12:35:01.375Z] [INFO] [IP: ::1] [bb8297af-fb13-4866-a8ee-11143e6d0976] GET /api/v1/admin/users?status=active
[2025-09-18T12:35:01.376Z] [INFO] [IP: ::1] [7fa85594-0487-48c7-b45e-1e32228cbc4d] GET /favicon.ico
[2025-09-18T12:35:01.499Z] [INFO] [IP: ::1] [a839ba2f-5145-443c-8175-35099ec3506f] GET /favicon.ico
[2025-09-18T12:39:46.467Z] [INFO] [IP: ::1] [e1cfa4c4-89bc-40cd-a6ae-3379eb051721] GET /admin-panel.html?section=transactions
[2025-09-18T12:39:46.553Z] [INFO] [IP: ::1] [57f42cfc-2fa7-49a1-84bc-f171c3b5a304] GET /.well-known/appspecific/com.chrome.devtools.json
[2025-09-18T12:39:46.585Z] [INFO] [IP: ::1] [3e13fcae-8974-4260-a437-34bb9d53deb0] GET /wp-content/plugins/elementor/assets/lib/font-awesome/css/all.mind1c0.css
[2025-09-18T12:39:46.619Z] [INFO] [IP: ::1] [d04f9921-80ba-43b0-8708-176a589753a6] GET /api-utils.js
[2025-09-18T12:39:46.726Z] [INFO] [IP: ::1] [939332e7-bc32-4125-993a-f1d5551135eb] GET /admin.css
[2025-09-18T12:39:46.790Z] [INFO] [IP: ::1] [6808920d-02a9-4c66-84e6-4ec87245051d] GET /menu.js
[2025-09-18T12:39:46.839Z] [INFO] [IP: ::1] [28d866dd-2a3e-4154-b83c-1ecf572eb9e2] GET /search-handlers.js
[2025-09-18T12:39:46.855Z] [INFO] [IP: ::1] [c592f830-c9ff-41ba-a4a8-28dd46e58054] GET /action-handlers.js
[2025-09-18T12:39:46.858Z] [INFO] [IP: ::1] [6f2d608f-bb5a-4e07-9a6f-cb3d6f71bd26] GET /user-handlers.js
[2025-09-18T12:39:46.860Z] [INFO] [IP: ::1] [776a921d-126f-4e36-b199-1f06a419a4a6] GET /payment-schedule.js
[2025-09-18T12:39:46.862Z] [INFO] [IP: ::1] [cf8bb657-24b1-40f3-90af-777c891133a4] GET /transaction-handlers.js
[2025-09-18T12:39:46.863Z] [INFO] [IP: ::1] [d3b6e6cd-e166-4ded-9d54-2ec33481201e] GET /file-upload-handlers.js
[2025-09-18T12:39:46.877Z] [INFO] [IP: ::1] [59507984-eda1-4157-9a3d-b74a14b8ad91] GET /user-modal.js
[2025-09-18T12:39:46.886Z] [INFO] [IP: ::1] [d16155dc-51bf-4f9a-9d5a-114c77f5c62e] GET /transaction.js
[2025-09-18T12:39:46.889Z] [INFO] [IP: ::1] [12a669d9-05b1-4950-a7d9-4c28ec187817] GET /navigation.js
[2025-09-18T12:39:46.890Z] [INFO] [IP: ::1] [4b6241dc-e532-4c13-ad36-bd09c8c45038] GET /user-management.js
[2025-09-18T12:39:46.895Z] [INFO] [IP: ::1] [80b7f676-de1d-49ab-8153-ce3e8af215e0] GET /main.js
[2025-09-18T12:39:46.897Z] [INFO] [IP: ::1] [a40ce048-32d6-4ba5-8557-9e2d8080fd07] GET /transaction-management.js
[2025-09-18T12:39:46.934Z] [INFO] [IP: ::1] [74e9cd4b-76a7-4477-bd79-3549cbda4b11] GET /file-upload.js
[2025-09-18T12:39:46.938Z] [INFO] [IP: ::1] [2d1d1c75-a64c-405d-aecf-66c7da1d6fd1] GET /init-handlers.js
[2025-09-18T12:39:46.943Z] [INFO] [IP: ::1] [a09e1018-2bbf-4670-91ca-01fcab250adb] GET /init.js
[2025-09-18T12:39:46.945Z] [INFO] [IP: ::1] [1c445cb0-d019-4b62-a8a2-e59db295ab64] GET /currency-converter.js
[2025-09-18T12:39:46.951Z] [INFO] [IP: ::1] [dcec1153-dfb0-41b3-bca6-7be215426f22] GET /modal.js
[2025-09-18T12:39:46.952Z] [INFO] [IP: ::1] [ebf93b0c-b66e-4a39-89b1-efc3b02027d8] GET /modal-handlers.js
[2025-09-18T12:39:46.964Z] [INFO] [IP: ::1] [13976d14-abbe-4381-adb6-4516b541d65f] GET /utils.js
[2025-09-18T12:39:47.103Z] [INFO] [IP: ::1] [7cb33d7e-4986-40b0-89a6-f4e7e0e3f68d] GET /wp-content/plugins/elementor/assets/lib/font-awesome/webfonts/fa-solid-900.woff2
[2025-09-18T12:39:47.182Z] [INFO] [IP: ::1] [02288fce-1872-45aa-9949-d45c44819955] GET /api/auth/admin/validate
[2025-09-18T12:39:47.207Z] [INFO] [IP: ::1] [e9644f8f-ae9d-4433-ac3a-985daa980972] GET /api/v1/admin/transactions?page=1&limit=10
[2025-09-18T12:39:47.209Z] [INFO] [IP: ::1] [fd7625c1-692f-45a1-9bd8-bbaf95065423] GET /api/v1/admin/transactions?page=1&limit=10
[2025-09-18T12:39:47.240Z] [INFO] [IP: ::1] [d656f8a0-340c-4a4a-b466-ef09fe9ae3ed] GET /api/v1/admin/transactions?page=1&limit=1
[2025-09-18T12:39:47.261Z] [INFO] [IP: ::1] [22c048eb-35a9-494f-a69f-d4a3f681064a] GET /api/v1/admin/users?status=active
[2025-09-18T12:39:47.263Z] [INFO] [IP: ::1] [f77acf91-40d9-4ed5-835b-e8a7221fb6de] GET /favicon.ico
[2025-09-18T12:39:47.349Z] [INFO] [IP: ::1] [382c4db1-cae8-4672-8a3e-6953694e784e] GET /favicon.ico
[2025-09-18T12:42:03.202Z] [INFO] [IP: ::1] [12448f4a-923a-457e-857a-c4334ba0026c] GET /admin-panel.html?section=transactions
[2025-09-18T12:42:03.253Z] [INFO] [IP: ::1] [a77b8d5e-ad3a-4287-a7b6-f4bb27fd1cbe] GET /.well-known/appspecific/com.chrome.devtools.json
[2025-09-18T12:42:03.280Z] [INFO] [IP: ::1] [d37b57da-3470-4a87-a20a-d0b9edbee459] GET /wp-content/plugins/elementor/assets/lib/font-awesome/css/all.mind1c0.css
[2025-09-18T12:42:03.308Z] [INFO] [IP: ::1] [953aeee5-dd6f-46ba-8d07-33bba44ed158] GET /currency-converter.js
[2025-09-18T12:42:03.385Z] [INFO] [IP: ::1] [f056ffaa-d75e-4d8b-88e6-64538154d077] GET /admin.css
[2025-09-18T12:42:03.442Z] [INFO] [IP: ::1] [267d5291-6589-409e-91b5-37128df8d9b8] GET /user-management.js
[2025-09-18T12:42:03.485Z] [INFO] [IP: ::1] [6f8efb8c-844c-49da-8dfd-ce339b25a92f] GET /search-handlers.js
[2025-09-18T12:42:03.487Z] [INFO] [IP: ::1] [9ddf7a5b-82fc-4869-ad44-7807b29f03aa] GET /action-handlers.js
[2025-09-18T12:42:03.496Z] [INFO] [IP: ::1] [ec8705d8-b1ef-42ab-9f76-2142e2082aa6] GET /user-handlers.js
[2025-09-18T12:42:03.499Z] [INFO] [IP: ::1] [5871e98e-5a89-48fb-8845-8d255559ca5b] GET /payment-schedule.js
[2025-09-18T12:42:03.500Z] [INFO] [IP: ::1] [1face71a-f134-46fb-94d2-8261f6663504] GET /transaction-handlers.js
[2025-09-18T12:42:03.501Z] [INFO] [IP: ::1] [e0a1964c-cdb1-4074-a5bb-67a469f95d92] GET /file-upload-handlers.js
[2025-09-18T12:42:03.512Z] [INFO] [IP: ::1] [f7726329-a333-4cf2-b41a-567ae39f3089] GET /user-modal.js
[2025-09-18T12:42:03.514Z] [INFO] [IP: ::1] [1e206acb-693d-4640-acd5-a06d0950d25d] GET /transaction.js
[2025-09-18T12:42:03.518Z] [INFO] [IP: ::1] [fb13a278-f61d-473c-a1aa-31da62037baa] GET /navigation.js
[2025-09-18T12:42:03.518Z] [INFO] [IP: ::1] [9dada817-8139-49b1-8274-b635fc584516] GET /menu.js
[2025-09-18T12:42:03.525Z] [INFO] [IP: ::1] [56de6db1-dcc2-4f89-8b3b-034a0832bfa6] GET /main.js
[2025-09-18T12:42:03.525Z] [INFO] [IP: ::1] [20a18e83-22b1-48e8-b399-1b3315b7a15a] GET /transaction-management.js
[2025-09-18T12:42:03.542Z] [INFO] [IP: ::1] [e966afb8-21ff-4c73-9406-cd3b7025a0dc] GET /file-upload.js
[2025-09-18T12:42:03.543Z] [INFO] [IP: ::1] [77fb9b0d-7b3c-4b6c-b77d-84374e102140] GET /init-handlers.js
[2025-09-18T12:42:03.550Z] [INFO] [IP: ::1] [bd571f2c-0fb3-4278-9053-6a1f69dc819b] GET /init.js
[2025-09-18T12:42:03.551Z] [INFO] [IP: ::1] [2d413b99-cad5-4ecd-bc03-da4567253dc2] GET /api-utils.js
[2025-09-18T12:42:03.555Z] [INFO] [IP: ::1] [7da5163e-7210-4a3d-bec3-dce327fa27c0] GET /modal.js
[2025-09-18T12:42:03.556Z] [INFO] [IP: ::1] [6120ec7f-1ce9-499d-a8e7-f40abc5e0741] GET /modal-handlers.js
[2025-09-18T12:42:03.570Z] [INFO] [IP: ::1] [650f563e-ee89-4d92-bc11-5d9ae2b8fa72] GET /utils.js
[2025-09-18T12:42:03.761Z] [INFO] [IP: ::1] [3aa62327-2317-4ff1-972d-3b655c849d19] GET /wp-content/plugins/elementor/assets/lib/font-awesome/webfonts/fa-solid-900.woff2
[2025-09-18T12:42:03.813Z] [INFO] [IP: ::1] [51dc1cb6-9f49-464e-92a6-4751ee351800] GET /api/auth/admin/validate
[2025-09-18T12:42:03.826Z] [INFO] [IP: ::1] [d9eb8aec-6af4-40c4-9336-9e4b6b8dc881] GET /api/v1/admin/transactions?page=1&limit=10
[2025-09-18T12:42:03.828Z] [INFO] [IP: ::1] [67047104-8584-48d2-9deb-58b4b45e27e2] GET /api/v1/admin/transactions?page=1&limit=10
[2025-09-18T12:42:03.847Z] [INFO] [IP: ::1] [d441d292-c426-460e-b6f2-f94969eb4d6e] GET /api/v1/admin/transactions?page=1&limit=1
[2025-09-18T12:42:03.849Z] [INFO] [IP: ::1] [5910f4f7-4808-4a3b-b4e1-bba5717965b9] GET /api/v1/admin/users?status=active
[2025-09-18T12:42:03.854Z] [INFO] [IP: ::1] [5f707039-9440-48b1-aac7-4b3785d09849] GET /favicon.ico
[2025-09-18T12:42:04.178Z] [INFO] [IP: ::1] [b96658cf-e701-4d7b-be3f-6551e9cf4091] GET /favicon.ico
[2025-09-18T12:42:40.222Z] [INFO] [IP: ::1] [4869d20b-8f2f-4268-a9e9-9282d3ebef9c] GET /admin-panel.html?section=transactions
[2025-09-18T12:42:40.270Z] [INFO] [IP: ::1] [cf44787c-7391-418c-90ba-3cc3bf41855c] GET /.well-known/appspecific/com.chrome.devtools.json
[2025-09-18T12:42:40.295Z] [INFO] [IP: ::1] [94f7abba-2b08-4844-8a77-982d7839b88e] GET /wp-content/plugins/elementor/assets/lib/font-awesome/css/all.mind1c0.css
[2025-09-18T12:42:40.330Z] [INFO] [IP: ::1] [57245240-3d5b-43a6-8628-147e09072d0d] GET /currency-converter.js
[2025-09-18T12:42:40.403Z] [INFO] [IP: ::1] [547b31be-54ef-4114-96f0-d4c37641993e] GET /admin.css
[2025-09-18T12:42:40.454Z] [INFO] [IP: ::1] [71d8b1bf-7119-45f8-9168-d7467dea2acf] GET /user-management.js
[2025-09-18T12:42:40.490Z] [INFO] [IP: ::1] [fc906562-ba52-46ae-8b5b-c09ba3604577] GET /search-handlers.js
[2025-09-18T12:42:40.492Z] [INFO] [IP: ::1] [5b948120-2883-4880-9e60-a21548aa3cf3] GET /action-handlers.js
[2025-09-18T12:42:40.503Z] [INFO] [IP: ::1] [0682bd6e-e5a5-47cc-91c4-84cd598fa69d] GET /user-handlers.js
[2025-09-18T12:42:40.506Z] [INFO] [IP: ::1] [622d2a5d-3a86-4976-b686-7244331ece65] GET /payment-schedule.js
[2025-09-18T12:42:40.507Z] [INFO] [IP: ::1] [6a6114a8-5f07-44ee-90af-58f84a66e048] GET /transaction-handlers.js
[2025-09-18T12:42:40.510Z] [INFO] [IP: ::1] [6c8ea817-bede-4267-9927-495243303ef1] GET /file-upload-handlers.js
[2025-09-18T12:42:40.531Z] [INFO] [IP: ::1] [43d1a4bc-0d67-44d8-a64c-af74692ef6bd] GET /user-modal.js
[2025-09-18T12:42:40.532Z] [INFO] [IP: ::1] [124ecf90-9fb3-4cec-af51-31bb78449172] GET /transaction.js
[2025-09-18T12:42:40.535Z] [INFO] [IP: ::1] [5179ae86-4825-4d17-9ccb-1e9968e0777d] GET /navigation.js
[2025-09-18T12:42:40.536Z] [INFO] [IP: ::1] [8fa47827-d55a-4787-99ac-d633bb6698f8] GET /menu.js
[2025-09-18T12:42:40.537Z] [INFO] [IP: ::1] [60cd4bb9-c64a-4060-9e75-c4607c49a3ec] GET /main.js
[2025-09-18T12:42:40.537Z] [INFO] [IP: ::1] [fdde7693-c081-4e6e-96c9-13790384861a] GET /transaction-management.js
[2025-09-18T12:42:40.558Z] [INFO] [IP: ::1] [94664d85-c147-4ff4-bc82-e98056e94d17] GET /file-upload.js
[2025-09-18T12:42:40.559Z] [INFO] [IP: ::1] [cdf29756-0938-476e-aaa4-d3428ce40b56] GET /init-handlers.js
[2025-09-18T12:42:40.562Z] [INFO] [IP: ::1] [41220dbb-ab5f-45a9-a5df-7b0193a1f1c2] GET /init.js
[2025-09-18T12:42:40.564Z] [INFO] [IP: ::1] [4cb0d3e3-5408-4c9c-a940-1500457926ea] GET /api-utils.js
[2025-09-18T12:42:40.564Z] [INFO] [IP: ::1] [eed3f06d-4fda-4f57-bcd7-88b52251b1d2] GET /modal.js
[2025-09-18T12:42:40.568Z] [INFO] [IP: ::1] [4a780d41-2f28-4696-aec9-23ece9e8fea3] GET /modal-handlers.js
[2025-09-18T12:42:40.584Z] [INFO] [IP: ::1] [d2418105-bd14-4adb-8b97-ccd6a7eacf94] GET /utils.js
[2025-09-18T12:42:40.771Z] [INFO] [IP: ::1] [c52253b0-eda1-4bfa-8b69-5d0893813c50] GET /wp-content/plugins/elementor/assets/lib/font-awesome/webfonts/fa-solid-900.woff2
[2025-09-18T12:42:40.853Z] [INFO] [IP: ::1] [dfd2df16-372e-486c-ba12-5606c46dcba6] GET /api/auth/admin/validate
[2025-09-18T12:42:40.868Z] [INFO] [IP: ::1] [bb3295aa-895c-49b1-bb57-7d13765d726a] GET /api/v1/admin/transactions?page=1&limit=10
[2025-09-18T12:42:40.870Z] [INFO] [IP: ::1] [a27da0a3-819e-4847-a1fe-00a65c2cedb0] GET /api/v1/admin/transactions?page=1&limit=10
[2025-09-18T12:42:40.896Z] [INFO] [IP: ::1] [03992980-3761-4123-a34d-be5a508f114e] GET /api/v1/admin/transactions?page=1&limit=1
[2025-09-18T12:42:40.898Z] [INFO] [IP: ::1] [761381bb-bd0c-4107-b2ec-208d94ad50f7] GET /api/v1/admin/users?status=active
[2025-09-18T12:42:40.905Z] [INFO] [IP: ::1] [14d7bad3-263e-4f27-8353-aebcc4211d76] GET /favicon.ico
[2025-09-18T12:42:41.009Z] [INFO] [IP: ::1] [c8d92a2e-9c29-4c6c-b29c-6470ea126a2e] GET /favicon.ico
[2025-09-18T12:42:54.102Z] [INFO] [IP: ::1] [6b543401-9c9f-4604-83a0-c5490297544d] GET /api/v1/admin/latest/PKR
[2025-09-18T12:43:30.257Z] [INFO] [IP: ::1] [40563213-2ab5-45cc-a02a-df638153ed15] POST /api/v1/admin/transactions
[2025-09-18T12:43:37.175Z] [INFO] [IP: ::1] [2a9a0775-86ae-4011-a0d5-dd5a9198dc0b] POST /api/v1/admin/transactions
[2025-09-18T12:45:00.793Z] [INFO] [IP: ::1] [fddd8337-0973-42cf-9560-32b9389507ac] POST /api/v1/admin/transactions
[2025-09-18T12:46:58.324Z] [INFO] [IP: ::1] [eb361612-4968-459e-9c4b-50c0f9623946] POST /api/v1/admin/transactions
[2025-09-18T12:47:05.244Z] [INFO] [IP: ::1] [5e7fd7f9-a78a-4a46-a97f-3a84a3dda8f3] POST /api/v1/admin/transactions
[2025-09-18T12:47:05.294Z] [INFO] [IP: ::1] [4d982c2c-e756-439d-8f90-115320bdd143] GET /api/v1/admin/transactions?page=1&limit=10
[2025-09-18T12:47:10.229Z] [INFO] [IP: ::1] [73176614-c9d8-4851-9ba5-0df071852e87] PUT /api/v1/admin/transactions/25
[2025-09-18T12:47:10.255Z] [INFO] [IP: ::1] [782b4dc3-ef86-4d39-9a6a-8905ebcac8f0] PUT /api/v1/admin/transactions/25
[2025-09-18T12:47:10.262Z] [INFO] [IP: ::1] [c0a1007d-79ca-4712-8d48-013fa8cec711] PUT /api/v1/admin/transactions/25
[2025-09-18T12:47:10.267Z] [INFO] [IP: ::1] [21ca619b-03ac-48c6-81d4-d35792cf56b0] PUT /api/v1/admin/transactions/25
[2025-09-18T12:47:10.287Z] [INFO] [IP: ::1] [36f9d6a4-2de1-45c4-adcb-068ee552e193] GET /api/v1/admin/transactions?page=1&limit=10
[2025-09-18T12:47:10.302Z] [INFO] [IP: ::1] [922d64e6-e0a5-4d06-9730-9d0b3166eb27] GET /api/v1/admin/transactions?page=1&limit=10
[2025-09-18T12:47:10.316Z] [INFO] [IP: ::1] [f30594f4-3422-46ce-9aec-a63f3804551b] GET /api/v1/admin/transactions?page=1&limit=10
[2025-09-18T12:47:10.327Z] [INFO] [IP: ::1] [1185c927-a7bf-463a-a745-759b7d89c98e] GET /api/v1/admin/transactions?page=1&limit=10
[2025-09-18T12:47:12.804Z] [INFO] [IP: ::1] [45c30c6d-0208-41a2-966f-be473e989596] GET /wp-content/plugins/elementor/assets/lib/font-awesome/css/all.mind1c0.css
[2025-09-18T12:47:12.805Z] [INFO] [IP: ::1] [a1c69972-5bf2-4abd-bb64-46e16fddb8a1] GET /admin.css
[2025-09-18T12:47:12.823Z] [INFO] [IP: ::1] [ccb9f8a9-2e7c-422f-9bd2-22e019cf3b87] GET /.well-known/appspecific/com.chrome.devtools.json
[2025-09-18T12:47:27.861Z] [INFO] [IP: ::1] [5723f4a3-ed9f-44e2-9f66-8178f9ec913c] PUT /api/v1/admin/transactions/25
[2025-09-18T12:47:28.537Z] [INFO] [IP: ::1] [18a78b12-5ab0-49b2-9a8e-7ab4cdf28d9f] PUT /api/v1/admin/transactions/25
[2025-09-18T12:47:29.571Z] [INFO] [IP: ::1] [37cd1351-e205-4ebc-9d1e-288985c0603a] PUT /api/v1/admin/transactions/25
[2025-09-18T12:47:30.507Z] [INFO] [IP: ::1] [70a479b7-09e6-4210-a9ef-0adeb6ce5038] PUT /api/v1/admin/transactions/25
[2025-09-18T12:47:30.528Z] [INFO] [IP: ::1] [d72c8815-fb5b-4c64-900c-4f266b6b53ef] GET /api/v1/admin/transactions?page=1&limit=10
[2025-09-18T12:47:30.576Z] [INFO] [IP: ::1] [8e17d32b-ec58-437a-88d5-28a574e9e518] GET /api/v1/admin/transactions?page=1&limit=10
[2025-09-18T12:47:30.577Z] [INFO] [IP: ::1] [86e1742c-c011-4f7d-ad17-a5c60604db61] GET /api/v1/admin/transactions?page=1&limit=10
[2025-09-18T12:47:30.579Z] [INFO] [IP: ::1] [edc991b1-1267-4a63-80d3-ca1d9f2b542c] GET /api/v1/admin/transactions?page=1&limit=10
[2025-09-18T12:47:44.078Z] [INFO] [IP: ::1] [67e6b15a-cd33-4651-927e-4691e0bf6975] PUT /api/v1/admin/transactions/24
[2025-09-18T12:47:44.107Z] [INFO] [IP: ::1] [9029bc61-a08f-43da-a6f0-19cc5ea9de3d] PUT /api/v1/admin/transactions/24
[2025-09-18T12:47:44.133Z] [INFO] [IP: ::1] [184be185-c8d8-4860-ac33-1a1af30f0478] PUT /api/v1/admin/transactions/24
[2025-09-18T12:47:44.146Z] [INFO] [IP: ::1] [b262b769-aa7b-451a-90e6-98e726cde9d0] PUT /api/v1/admin/transactions/24
[2025-09-18T12:47:44.173Z] [INFO] [IP: ::1] [49aafd81-4d30-424a-b00d-7c4b8d6a16ca] GET /api/v1/admin/transactions?page=1&limit=10
[2025-09-18T12:47:44.179Z] [INFO] [IP: ::1] [e13b5c32-cd12-41cb-b86d-2b952e95522b] GET /api/v1/admin/transactions?page=1&limit=10
[2025-09-18T12:47:44.190Z] [INFO] [IP: ::1] [3280f40f-2657-48a9-8435-01dd5750e380] GET /api/v1/admin/transactions?page=1&limit=10
[2025-09-18T12:47:44.198Z] [INFO] [IP: ::1] [f157f8b5-522a-4834-a2ad-e66efe275c60] GET /api/v1/admin/transactions?page=1&limit=10
[2025-09-18T12:52:03.416Z] [INFO] [IP: ::1] [a18f2dae-856a-41d5-876b-6a116c00c053] GET /admin-panel.html?section=transactions
[2025-09-18T12:52:03.558Z] [INFO] [IP: ::1] [8a98696d-5143-46bc-999a-0b30684e5768] GET /.well-known/appspecific/com.chrome.devtools.json
[2025-09-18T12:52:03.621Z] [INFO] [IP: ::1] [bc17563c-d41f-4f1e-8366-84fd09cbb5e3] GET /admin.css
[2025-09-18T12:52:03.623Z] [INFO] [IP: ::1] [a9e67ba3-5943-4b6d-b7ee-aa04866ef0ee] GET /wp-content/plugins/elementor/assets/lib/font-awesome/css/all.mind1c0.css
[2025-09-18T12:52:03.626Z] [INFO] [IP: ::1] [90c860bb-bc99-4e15-9c88-621fe9aa4913] GET /api-utils.js
[2025-09-18T12:52:03.628Z] [INFO] [IP: ::1] [5fe77eee-98e4-481f-a20a-ff7dcae85f36] GET /currency-converter.js
[2025-09-18T12:52:03.629Z] [INFO] [IP: ::1] [11267a5f-f40a-4a85-baff-d5cd075855e1] GET /modal.js
[2025-09-18T12:52:03.647Z] [INFO] [IP: ::1] [9efba2b1-9b21-4738-9893-579bfdd7a6c2] GET /utils.js
[2025-09-18T12:52:03.651Z] [INFO] [IP: ::1] [1958b591-28f9-4e7a-9242-432017c853fd] GET /action-handlers.js
[2025-09-18T12:52:03.657Z] [INFO] [IP: ::1] [ae11282b-a8ad-4caa-a583-073604e407c6] GET /user-handlers.js
[2025-09-18T12:52:03.659Z] [INFO] [IP: ::1] [674b196d-b539-440f-8d9e-f31c6a3aa9e2] GET /payment-schedule.js
[2025-09-18T12:52:03.661Z] [INFO] [IP: ::1] [81762709-0943-4e8d-8153-23f7970c6ac0] GET /transaction-handlers.js
[2025-09-18T12:52:03.683Z] [INFO] [IP: ::1] [fda65abe-9cd0-4cd8-ac72-310d592f2b7f] GET /user-modal.js
[2025-09-18T12:52:03.685Z] [INFO] [IP: ::1] [0c96c340-4a5c-435b-a4af-05906f9cbcb4] GET /transaction.js
[2025-09-18T12:52:03.692Z] [INFO] [IP: ::1] [50c81230-071b-4d02-9537-bee57bb54113] GET /menu.js
[2025-09-18T12:52:03.694Z] [INFO] [IP: ::1] [e3586a77-42ca-45a6-82e8-cc4b9974197c] GET /user-management.js
[2025-09-18T12:52:03.694Z] [INFO] [IP: ::1] [8eda254b-001e-42e4-87d5-bd4542779259] GET /main.js
[2025-09-18T12:52:03.714Z] [INFO] [IP: ::1] [f9f7fea2-2316-4ae8-b883-d2795dc3525f] GET /file-upload.js
[2025-09-18T12:52:03.718Z] [INFO] [IP: ::1] [57bdb1b1-bca9-4b0f-a670-f5d55a48fe51] GET /init.js
[2025-09-18T12:52:03.723Z] [INFO] [IP: ::1] [f936e529-248c-4e5c-82c7-245ad31b1757] GET /modal-handlers.js
[2025-09-18T12:52:03.726Z] [INFO] [IP: ::1] [1841fe3b-11c9-4dae-9da2-8ca343ede0b0] GET /search-handlers.js
[2025-09-18T12:52:03.727Z] [INFO] [IP: ::1] [b3ee7483-2f17-437b-a8e4-6cc6fb491399] GET /file-upload-handlers.js
[2025-09-18T12:52:03.736Z] [INFO] [IP: ::1] [6d725bed-3dda-4cc2-9f53-0c115c159305] GET /transaction-management.js
[2025-09-18T12:52:03.738Z] [INFO] [IP: ::1] [a020de22-2861-4c70-a7b2-55c57f1e934d] GET /init-handlers.js
[2025-09-18T12:52:03.742Z] [INFO] [IP: ::1] [459adcfc-370b-4a98-86c3-76c691b145dc] GET /navigation.js
[2025-09-18T12:52:04.017Z] [INFO] [IP: ::1] [e59a6f2a-ddb6-4be2-9dda-c31e620f4e7a] GET /wp-content/plugins/elementor/assets/lib/font-awesome/webfonts/fa-solid-900.woff2
[2025-09-18T12:52:04.102Z] [INFO] [IP: ::1] [ea90d19c-273e-4452-8076-25754f85f302] GET /api/auth/admin/validate
[2025-09-18T12:52:04.114Z] [INFO] [IP: ::1] [0eb14422-90d8-4630-a78b-6331707cac5d] GET /api/v1/admin/transactions?page=1&limit=10
[2025-09-18T12:52:04.115Z] [INFO] [IP: ::1] [43aeff67-edd9-4db0-9942-9acc3ee40b12] GET /api/v1/admin/transactions?page=1&limit=10
[2025-09-18T12:52:04.150Z] [INFO] [IP: ::1] [92596da3-6bfc-44dc-9256-ed794cda2cf8] GET /api/v1/admin/transactions?page=1&limit=1
[2025-09-18T12:52:04.152Z] [INFO] [IP: ::1] [77d18a15-47c4-44d2-9970-89472f4b7923] GET /api/v1/admin/users?status=active
[2025-09-18T12:52:04.154Z] [INFO] [IP: ::1] [5452b001-1f0f-48fd-b15e-42b8e3132293] GET /favicon.ico
[2025-09-18T12:52:04.379Z] [INFO] [IP: ::1] [a04a63ba-4f17-46f6-8c18-68a0382c6c2a] GET /favicon.ico
[2025-09-18T12:52:46.125Z] [INFO] [IP: ::1] [f1457c96-8a48-4114-b425-3bdb5463d563] PUT /api/v1/admin/transactions/25
[2025-09-18T12:52:46.132Z] [INFO] [IP: ::1] [b35c8a1b-34b7-4e51-a3d6-5e9bcb0d0ada] PUT /api/v1/admin/transactions/25
[2025-09-18T12:52:46.138Z] [INFO] [IP: ::1] [f7acd507-b67b-4242-b161-696af4988e64] PUT /api/v1/admin/transactions/25
[2025-09-18T12:52:46.150Z] [INFO] [IP: ::1] [91a89c58-015b-4743-9e57-351493897087] PUT /api/v1/admin/transactions/25
[2025-09-18T12:52:46.192Z] [INFO] [IP: ::1] [8425db8b-acc6-4382-a276-e2ef2c2326f6] GET /api/v1/admin/transactions?page=1&limit=10
[2025-09-18T12:52:46.202Z] [INFO] [IP: ::1] [6be78fec-b7d4-4442-8aaa-46584c060e8f] GET /api/v1/admin/transactions?page=1&limit=10
[2025-09-18T12:52:46.212Z] [INFO] [IP: ::1] [6100152c-1f66-4fbb-ab81-a2d42fb01b39] GET /api/v1/admin/transactions?page=1&limit=10
[2025-09-18T12:52:46.219Z] [INFO] [IP: ::1] [281b75e0-3164-4d4d-bc4d-9853dcdf3047] GET /api/v1/admin/transactions?page=1&limit=10
[2025-09-18T12:53:02.503Z] [INFO] [IP: ::1] [a4762fc1-c3b0-45e2-921e-9c6593203f98] GET /admin-panel.html?section=transactions
[2025-09-18T12:53:02.566Z] [INFO] [IP: ::1] [fd9bfd24-c0ec-492e-a40a-5b04a5bbf2b7] GET /.well-known/appspecific/com.chrome.devtools.json
[2025-09-18T12:53:02.628Z] [INFO] [IP: ::1] [91290312-11bf-48e6-a9c8-bf9d068f497b] GET /wp-content/plugins/elementor/assets/lib/font-awesome/css/all.mind1c0.css
[2025-09-18T12:53:02.629Z] [INFO] [IP: ::1] [c395f421-00eb-4535-ab09-a65db5abc6f1] GET /admin.css
[2025-09-18T12:53:02.642Z] [INFO] [IP: ::1] [6e9ee3fb-3ede-4343-9b1a-5f321d907441] GET /api-utils.js
[2025-09-18T12:53:02.645Z] [INFO] [IP: ::1] [ea3cdf45-193b-41ae-a827-105eb5b62120] GET /currency-converter.js
[2025-09-18T12:53:02.646Z] [INFO] [IP: ::1] [970ec48e-0ed8-4f2d-9b36-05d80ea6d12f] GET /modal.js
[2025-09-18T12:53:02.647Z] [INFO] [IP: ::1] [4c5a7334-4d70-4e02-8cdd-7be214ca47c5] GET /modal-handlers.js
[2025-09-18T12:53:02.661Z] [INFO] [IP: ::1] [2ddd0def-6d86-4aaf-b05f-d62e9f20d463] GET /utils.js
[2025-09-18T12:53:02.665Z] [INFO] [IP: ::1] [acb14b17-7faf-4a84-b2f3-3b34453e7243] GET /search-handlers.js
[2025-09-18T12:53:02.667Z] [INFO] [IP: ::1] [2b2d8e76-162c-4ee2-bd78-ca8d9259232d] GET /action-handlers.js
[2025-09-18T12:53:02.669Z] [INFO] [IP: ::1] [19645e79-7b18-4865-93c1-7b3893f0b6eb] GET /user-handlers.js
[2025-09-18T12:53:02.670Z] [INFO] [IP: ::1] [5be98afe-3458-4759-9b41-6af2fda506e1] GET /payment-schedule.js
[2025-09-18T12:53:02.671Z] [INFO] [IP: ::1] [5043eee8-b31c-45f2-bb37-e390cc426803] GET /transaction-handlers.js
[2025-09-18T12:53:02.686Z] [INFO] [IP: ::1] [d29a9388-ad1c-4b6f-a242-6a4de288afbe] GET /file-upload-handlers.js
[2025-09-18T12:53:02.691Z] [INFO] [IP: ::1] [8899fc66-81b1-433b-bdcd-e48dd75467dc] GET /user-modal.js
[2025-09-18T12:53:02.693Z] [INFO] [IP: ::1] [643130b3-0827-4f56-a9ee-b5e5b6c2e8ca] GET /transaction.js
[2025-09-18T12:53:02.694Z] [INFO] [IP: ::1] [0ad162c0-4d77-4458-a777-b4a97aeffbd5] GET /navigation.js
[2025-09-18T12:53:02.697Z] [INFO] [IP: ::1] [c0941983-ad75-4c30-8201-29d6a0d5a017] GET /menu.js
[2025-09-18T12:53:02.698Z] [INFO] [IP: ::1] [6acde601-b1be-4fd8-bfb9-27477ce218f0] GET /user-management.js
[2025-09-18T12:53:02.717Z] [INFO] [IP: ::1] [6dd5c1c8-ab67-4305-b723-07ec0cd725c7] GET /main.js
[2025-09-18T12:53:02.718Z] [INFO] [IP: ::1] [10aec07d-f880-4b2c-97cf-1501e0d8acad] GET /transaction-management.js
[2025-09-18T12:53:02.720Z] [INFO] [IP: ::1] [9e1f16bc-7de2-48cb-b648-77198b1bb352] GET /file-upload.js
[2025-09-18T12:53:02.721Z] [INFO] [IP: ::1] [80fd4e23-38ad-4395-97fa-797f1f772199] GET /init-handlers.js
[2025-09-18T12:53:02.727Z] [INFO] [IP: ::1] [688e7f04-67e3-45e0-aac5-6837a237017c] GET /init.js
[2025-09-18T12:53:02.985Z] [INFO] [IP: ::1] [e956955d-0765-4a11-9eb5-46b6fa8ca3c0] GET /wp-content/plugins/elementor/assets/lib/font-awesome/webfonts/fa-solid-900.woff2
[2025-09-18T12:53:03.050Z] [INFO] [IP: ::1] [5245c213-4da6-457c-9e0f-cc1c9136fc7f] GET /api/auth/admin/validate
[2025-09-18T12:53:03.056Z] [INFO] [IP: ::1] [573f49a2-4de4-4396-897d-5921aafed127] GET /api/v1/admin/transactions?page=1&limit=10
[2025-09-18T12:53:03.063Z] [INFO] [IP: ::1] [7e11f5c7-c47d-4045-a905-b76a4e968bd1] GET /api/v1/admin/transactions?page=1&limit=10
[2025-09-18T12:53:03.088Z] [INFO] [IP: ::1] [9f4ee3b6-d5c0-437b-bb8c-5f3c6d6a2a7f] GET /api/v1/admin/users?status=active
[2025-09-18T12:53:03.079Z] [INFO] [IP: ::1] [334fbb74-675f-440a-bc19-2255611826f4] GET /api/v1/admin/transactions?page=1&limit=1
[2025-09-18T12:53:03.106Z] [INFO] [IP: ::1] [2a43644c-580a-45df-869f-021e25d5abe6] GET /favicon.ico
[2025-09-18T12:53:03.192Z] [INFO] [IP: ::1] [3a507e60-7298-41fa-93ff-3b7520bb9010] GET /favicon.ico
[2025-09-18T12:54:22.943Z] [INFO] [IP: ::1] [1b782c07-4e5a-4b87-b782-751917cce67f] GET /admin-panel.html?section=transactions
[2025-09-18T12:54:22.999Z] [INFO] [IP: ::1] [5a64fcbe-4dc3-43c3-bcc1-d1babb9c0d9e] GET /wp-content/plugins/elementor/assets/lib/font-awesome/css/all.mind1c0.css
[2025-09-18T12:54:23.023Z] [INFO] [IP: ::1] [9fe94fdd-d234-4c9a-8323-eb42615d42e8] GET /currency-converter.js
[2025-09-18T12:54:23.091Z] [INFO] [IP: ::1] [e5e4efbc-bc9f-4135-a04c-679ed8a002d3] GET /admin.css
[2025-09-18T12:54:23.143Z] [INFO] [IP: ::1] [51acf743-e5d3-4d45-b3d6-83725ec115ec] GET /navigation.js
[2025-09-18T12:54:23.194Z] [INFO] [IP: ::1] [e9a3d382-cd4f-4376-ae14-78b16cdbf648] GET /search-handlers.js
[2025-09-18T12:54:23.195Z] [INFO] [IP: ::1] [fbe0fac2-2e54-4723-bd8e-bfc9399441ec] GET /action-handlers.js
[2025-09-18T12:54:23.196Z] [INFO] [IP: ::1] [c8909333-5afd-4194-a66d-d8c29757cf30] GET /user-handlers.js
[2025-09-18T12:54:23.197Z] [INFO] [IP: ::1] [0df658da-da13-4cbb-b961-6e8f0acd9280] GET /payment-schedule.js
[2025-09-18T12:54:23.200Z] [INFO] [IP: ::1] [996e99ec-865a-402f-a115-6e9a9a7754cd] GET /transaction-handlers.js
[2025-09-18T12:54:23.202Z] [INFO] [IP: ::1] [355f1439-e80c-4f5c-abe2-685d7257b769] GET /file-upload-handlers.js
[2025-09-18T12:54:23.221Z] [INFO] [IP: ::1] [b5f73286-d3fc-47d1-9874-67901406b525] GET /user-modal.js
[2025-09-18T12:54:23.225Z] [INFO] [IP: ::1] [ece8ad06-e146-473b-a7f6-8b7188ef416e] GET /transaction.js
[2025-09-18T12:54:23.227Z] [INFO] [IP: ::1] [020b5e5f-f055-4b4e-9c36-d2afc0f034e9] GET /menu.js
[2025-09-18T12:54:23.228Z] [INFO] [IP: ::1] [e7ecd542-77bc-4f7d-9e1b-13ce8ca50a01] GET /user-management.js
[2025-09-18T12:54:23.232Z] [INFO] [IP: ::1] [a3e21d86-099b-45f3-aaf6-92bf9def7ef1] GET /main.js
[2025-09-18T12:54:23.235Z] [INFO] [IP: ::1] [fe7e7fb4-694a-4a01-b325-cf3b63bdf24d] GET /transaction-management.js
[2025-09-18T12:54:23.287Z] [INFO] [IP: ::1] [ce05558a-d1f9-4a50-a565-f34a90ea8f09] GET /file-upload.js
[2025-09-18T12:54:23.292Z] [INFO] [IP: ::1] [a7e8f2df-2a5d-4c03-9a5d-03c186b0fba9] GET /init-handlers.js
[2025-09-18T12:54:23.293Z] [INFO] [IP: ::1] [a742d7ed-d1af-449a-8c6a-22b53fbf34e9] GET /init.js
[2025-09-18T12:54:23.299Z] [INFO] [IP: ::1] [d14c034e-6331-4b3e-9614-6cdd58d44d00] GET /api-utils.js
[2025-09-18T12:54:23.305Z] [INFO] [IP: ::1] [41513bf0-24e4-4fe1-934b-40ef16a4e909] GET /modal.js
[2025-09-18T12:54:23.321Z] [INFO] [IP: ::1] [93d7257c-9360-41af-a4aa-cc541fcdb94c] GET /modal-handlers.js
[2025-09-18T12:54:23.330Z] [INFO] [IP: ::1] [a1be1543-ff39-45c3-af96-8e17ea9d5697] GET /utils.js
[2025-09-18T12:54:23.331Z] [INFO] [IP: ::1] [18d6ae1f-59a8-4a13-9a6e-641131af0a30] GET /.well-known/appspecific/com.chrome.devtools.json
[2025-09-18T12:54:23.466Z] [INFO] [IP: ::1] [9d8da086-a632-4893-8b98-b341d1eba291] GET /wp-content/plugins/elementor/assets/lib/font-awesome/webfonts/fa-solid-900.woff2
[2025-09-18T12:54:23.520Z] [INFO] [IP: ::1] [0ce449b1-7411-4b08-be0e-f85f86e17b5d] GET /api/auth/admin/validate
[2025-09-18T12:54:23.532Z] [INFO] [IP: ::1] [d38e64d1-0af6-428d-a272-b64aab4cba7d] GET /api/v1/admin/transactions?page=1&limit=10
[2025-09-18T12:54:23.542Z] [INFO] [IP: ::1] [33bda6f6-0e99-4240-b68e-7c2c329c154f] GET /api/v1/admin/users?status=active
[2025-09-18T12:54:23.551Z] [INFO] [IP: ::1] [a656cd8c-f909-46ff-b929-aa633d45bb14] GET /favicon.ico
[2025-09-18T12:54:23.618Z] [INFO] [IP: ::1] [b255b650-aea6-4a10-819c-5b7cdc1d6525] GET /favicon.ico
[2025-09-18T12:54:29.617Z] [INFO] [IP: ::1] [48ff2466-292e-44b1-a743-626da045dacb] GET /api/v1/admin/transactions/25
[2025-09-18T12:54:29.648Z] [INFO] [IP: ::1] [efe8bfe1-a63c-4583-80fa-0c0de37847b9] GET /api/v1/admin/transactions/25/documents
[2025-09-18T12:54:29.656Z] [INFO] [IP: ::1] [1bd02c0f-8094-40c7-8090-67d32dbb1b2f] GET /api/v1/admin/transactions/25/payments
[2025-09-18T12:54:29.670Z] [INFO] [IP: ::1] [42c24d7e-bcb8-432e-8b54-f75a28680f4c] GET /api/v1/admin/users/25
[2025-09-18T12:54:29.709Z] [INFO] [IP: ::1] [8724274f-5c3f-492e-8291-0dfe8fb12e62] GET /api/v1/admin/transactions/25/documents
[2025-09-18T12:54:58.806Z] [INFO] [IP: ::1] [d62a2dd5-b65f-45c6-87be-d92a67c3ff75] GET /admin-panel.html?section=transactions
[2025-09-18T12:54:58.868Z] [INFO] [IP: ::1] [17a6cf3d-816d-4eea-908b-97ebc255c0df] GET /wp-content/plugins/elementor/assets/lib/font-awesome/css/all.mind1c0.css
[2025-09-18T12:54:58.895Z] [INFO] [IP: ::1] [b8cab8a1-a46c-475a-af12-9eb74af2755c] GET /currency-converter.js
[2025-09-18T12:54:58.995Z] [INFO] [IP: ::1] [3dc17d8d-bda1-4b6f-8a9d-9a27f7ae9a67] GET /admin.css
[2025-09-18T12:54:59.054Z] [INFO] [IP: ::1] [7b182de4-aa80-4ade-abf7-89192ee5b9f5] GET /user-management.js
[2025-09-18T12:54:59.096Z] [INFO] [IP: ::1] [e9b69e2c-3e54-45cf-a1ad-3616576c958a] GET /search-handlers.js
[2025-09-18T12:54:59.097Z] [INFO] [IP: ::1] [1fc15b75-5022-4efe-b267-b6c544cc8eb3] GET /action-handlers.js
[2025-09-18T12:54:59.106Z] [INFO] [IP: ::1] [dbf76aa8-13a8-4058-89d5-c29e0dbcfd1d] GET /user-handlers.js
[2025-09-18T12:54:59.107Z] [INFO] [IP: ::1] [31c55804-d9e5-45fd-8e40-4907dd12ce8e] GET /payment-schedule.js
[2025-09-18T12:54:59.108Z] [INFO] [IP: ::1] [8437c53e-a7df-45bf-837e-f21a4a3c8021] GET /transaction-handlers.js
[2025-09-18T12:54:59.109Z] [INFO] [IP: ::1] [899c861f-a45f-495a-a7de-5754f2afc7a1] GET /file-upload-handlers.js
[2025-09-18T12:54:59.120Z] [INFO] [IP: ::1] [1ec314fa-4c61-4e1b-af4f-b3d3896bdf22] GET /user-modal.js
[2025-09-18T12:54:59.121Z] [INFO] [IP: ::1] [bb11f1a1-dc32-4f8b-9a10-83649b97c4ea] GET /transaction.js
[2025-09-18T12:54:59.125Z] [INFO] [IP: ::1] [dc0668c1-4156-44c2-97e8-8f76b4afed47] GET /navigation.js
[2025-09-18T12:54:59.126Z] [INFO] [IP: ::1] [e8f677c4-98e8-41b8-a2dd-693a98aae31f] GET /menu.js
[2025-09-18T12:54:59.126Z] [INFO] [IP: ::1] [c23b30db-50f4-4a64-a9b3-2696ba8747ad] GET /main.js
[2025-09-18T12:54:59.130Z] [INFO] [IP: ::1] [82b4417f-9631-4388-951f-c3e5eb0c91c2] GET /transaction-management.js
[2025-09-18T12:54:59.141Z] [INFO] [IP: ::1] [d2adedd9-a44a-468d-8db0-9fa976e1cc3d] GET /file-upload.js
[2025-09-18T12:54:59.143Z] [INFO] [IP: ::1] [12067502-7bca-4def-a87d-11cbbdf5b642] GET /init-handlers.js
[2025-09-18T12:54:59.152Z] [INFO] [IP: ::1] [0a38f87e-f974-4747-9037-c2dc78efebcf] GET /init.js
[2025-09-18T12:54:59.154Z] [INFO] [IP: ::1] [035851a6-3003-45bd-97cd-6b60f0db24bf] GET /api-utils.js
[2025-09-18T12:54:59.155Z] [INFO] [IP: ::1] [1653ebd9-da67-43e7-8b55-b2c09e7eea45] GET /modal.js
[2025-09-18T12:54:59.160Z] [INFO] [IP: ::1] [c962a54f-0877-4bc8-b990-cc56e916d980] GET /modal-handlers.js
[2025-09-18T12:54:59.169Z] [INFO] [IP: ::1] [ada2b430-779e-476f-9399-76e17b6400d2] GET /utils.js
[2025-09-18T12:54:59.171Z] [INFO] [IP: ::1] [7db9c3ed-2392-43ee-a06c-20daa92396fe] GET /.well-known/appspecific/com.chrome.devtools.json
[2025-09-18T12:54:59.369Z] [INFO] [IP: ::1] [7df02644-bc1e-477d-b6c8-5c56b6c31e9c] GET /wp-content/plugins/elementor/assets/lib/font-awesome/webfonts/fa-solid-900.woff2
[2025-09-18T12:54:59.421Z] [INFO] [IP: ::1] [f33df01f-ae9b-4563-9011-d6ec4fb573a5] GET /api/auth/admin/validate
[2025-09-18T12:54:59.428Z] [INFO] [IP: ::1] [dc0f024d-9695-4b97-9bd0-93fd9ab5af40] GET /api/v1/admin/transactions?page=1&limit=10
[2025-09-18T12:54:59.439Z] [INFO] [IP: ::1] [3108b1e7-2f67-45cb-8b71-b1ab45b18121] GET /api/v1/admin/users?status=active
[2025-09-18T12:54:59.445Z] [INFO] [IP: ::1] [3e233ce2-11ef-478d-b2c7-43ef29fd2cc0] GET /favicon.ico
[2025-09-18T12:54:59.581Z] [INFO] [IP: ::1] [c82eef53-a6d5-4b81-b6d3-7ffe89e62f85] GET /favicon.ico
[2025-09-18T12:55:04.342Z] [INFO] [IP: ::1] [f1ad74f0-2dad-4eb5-ab16-8940c03ee1b7] GET /api/v1/admin/transactions/25
[2025-09-18T12:55:04.344Z] [INFO] [IP: ::1] [b2a3ef15-ecea-4e1e-b35a-b67f02d25ebd] GET /api/v1/admin/transactions/25/documents
[2025-09-18T12:55:04.352Z] [INFO] [IP: ::1] [efd66608-e25a-46a9-be5a-3588cfd46abe] GET /api/v1/admin/transactions/25/payments
[2025-09-18T12:55:04.353Z] [INFO] [IP: ::1] [1bdf8685-5603-4579-990d-ba59d4f208a0] GET /api/v1/admin/users/25
[2025-09-18T12:55:04.392Z] [INFO] [IP: ::1] [a6e907f8-91cc-4851-9b42-b62aff7f444d] GET /api/v1/admin/transactions/25/documents
[2025-09-18T12:55:21.981Z] [INFO] [IP: ::1] [249458d9-a708-4be2-8925-d4ac973a067c] PUT /api/v1/admin/transactions/25
[2025-09-18T12:55:21.984Z] [INFO] [IP: ::1] [275e0589-c3f0-4044-9c21-a3f21ec4680e] PUT /api/v1/admin/transactions/25
[2025-09-18T12:55:21.988Z] [INFO] [IP: ::1] [a832f81e-c5a7-4a2f-9f6a-93ab7f3c0b77] PUT /api/v1/admin/transactions/25
[2025-09-18T12:55:22.015Z] [INFO] [IP: ::1] [eab98fec-3184-4a68-a74d-34b31ea4cf1f] PUT /api/v1/admin/transactions/25
[2025-09-18T12:55:22.041Z] [INFO] [IP: ::1] [1f1c59b4-d054-4f45-8c85-de5a46cb661b] GET /api/v1/admin/transactions?page=1&limit=10
[2025-09-18T12:55:22.065Z] [INFO] [IP: ::1] [a38f2aff-c664-4629-b59c-76902327484b] GET /api/v1/admin/transactions?page=1&limit=10
[2025-09-18T12:55:22.070Z] [INFO] [IP: ::1] [e8e5bb92-c954-45d2-ab72-5ad7fe6d3f33] GET /api/v1/admin/transactions?page=1&limit=10
[2025-09-18T12:55:22.115Z] [INFO] [IP: ::1] [08a74dba-020d-4ba2-bfb3-4b0c73ef8e2f] GET /api/v1/admin/transactions?page=1&limit=10
[2025-09-18T12:58:19.823Z] [INFO] [IP: ::1] [962e469c-a801-4e2d-8a7b-40cb5ed20df1] GET /admin-panel.html?section=transactions
[2025-09-18T12:58:19.951Z] [INFO] [IP: ::1] [2be5df34-5203-4cc7-bf1e-6cf40834f14b] GET /wp-content/plugins/elementor/assets/lib/font-awesome/css/all.mind1c0.css
[2025-09-18T12:58:19.970Z] [INFO] [IP: ::1] [e2a1b96f-6e9d-4571-915e-79eb4886e37a] GET /api-utils.js
[2025-09-18T12:58:19.989Z] [INFO] [IP: ::1] [b536aca4-38d7-45e2-9cb3-03763d32b508] GET /admin.css
[2025-09-18T12:58:20.166Z] [INFO] [IP: ::1] [9d33627d-5a3b-4332-918a-08ad0bd1a050] GET /file-upload-handlers.js
[2025-09-18T12:58:20.264Z] [INFO] [IP: ::1] [0db381e6-86fd-4c0c-85ba-3eada3aedcb8] GET /modal.js
[2025-09-18T12:58:20.266Z] [INFO] [IP: ::1] [40b6423d-7715-4ee5-ace4-4d2a4633ac6d] GET /action-handlers.js
[2025-09-18T12:58:20.282Z] [INFO] [IP: ::1] [3c5bef8b-51e9-49fd-a338-bbb8f3ebf079] GET /user-handlers.js
[2025-09-18T12:58:20.284Z] [INFO] [IP: ::1] [aff81b91-80cb-4ccd-85f5-483e10d6e096] GET /payment-schedule.js
[2025-09-18T12:58:20.285Z] [INFO] [IP: ::1] [489c3604-a256-4628-a877-b4b1db3c52f6] GET /transaction-handlers.js
[2025-09-18T12:58:20.287Z] [INFO] [IP: ::1] [a5a6f790-45fe-4571-94aa-15a64ed9295c] GET /user-modal.js
[2025-09-18T12:58:20.300Z] [INFO] [IP: ::1] [79b60745-5460-4be2-bdec-12400f63e339] GET /transaction.js
[2025-09-18T12:58:20.301Z] [INFO] [IP: ::1] [91d05e14-4da6-4da5-8be2-cc6724fe2b1e] GET /navigation.js
[2025-09-18T12:58:20.308Z] [INFO] [IP: ::1] [6860d055-d0fb-4f89-acfd-92ea48d6e581] GET /menu.js
[2025-09-18T12:58:20.310Z] [INFO] [IP: ::1] [3e4f9011-c216-4548-b42d-498812cd84ca] GET /user-management.js
[2025-09-18T12:58:20.311Z] [INFO] [IP: ::1] [14c719c6-9fae-4512-9e98-f4ba882758bf] GET /main.js
[2025-09-18T12:58:20.315Z] [INFO] [IP: ::1] [0e8acfde-225a-44df-89be-a2e5ab4382b3] GET /transaction-management.js
[2025-09-18T12:58:20.325Z] [INFO] [IP: ::1] [27b710ef-8124-426d-a049-532fd60f7d23] GET /file-upload.js
[2025-09-18T12:58:20.327Z] [INFO] [IP: ::1] [e90aa9e5-1410-4dd3-9d6f-f53f3b964183] GET /init-handlers.js
[2025-09-18T12:58:20.331Z] [INFO] [IP: ::1] [542427f5-df52-418f-b9d7-630d8fe8edb3] GET /init.js
[2025-09-18T12:58:20.332Z] [INFO] [IP: ::1] [5751b603-09e2-4310-9b3c-776849e381c5] GET /currency-converter.js
[2025-09-18T12:58:20.333Z] [INFO] [IP: ::1] [962655a7-abc4-464e-8e2b-4cadb10a450b] GET /modal-handlers.js
[2025-09-18T12:58:20.338Z] [INFO] [IP: ::1] [d5542221-07a3-4e56-8421-5a60957de2f7] GET /utils.js
[2025-09-18T12:58:20.347Z] [INFO] [IP: ::1] [60e82bbc-053d-41d9-9957-976a2d7fc150] GET /search-handlers.js
[2025-09-18T12:58:20.349Z] [INFO] [IP: ::1] [a9d50a30-e0c8-4676-84c5-ef5d57914129] GET /.well-known/appspecific/com.chrome.devtools.json
[2025-09-18T12:58:20.573Z] [INFO] [IP: ::1] [e216d395-60f0-46b3-a3b7-a97fc2bc6e9e] GET /wp-content/plugins/elementor/assets/lib/font-awesome/webfonts/fa-solid-900.woff2
[2025-09-18T12:58:20.655Z] [INFO] [IP: ::1] [3b986e96-160d-4cb2-a1b4-9a32a8239234] GET /api/auth/admin/validate
[2025-09-18T12:58:20.670Z] [INFO] [IP: ::1] [472e1997-b6e9-4f45-bc37-389dde01c263] GET /api/v1/admin/transactions?page=1&limit=10
[2025-09-18T12:58:20.681Z] [INFO] [IP: ::1] [cde12d98-112e-4a8f-8121-ad73eeb882f1] GET /api/v1/admin/users?status=active
[2025-09-18T12:58:20.761Z] [INFO] [IP: ::1] [068932a7-ccd4-4502-8582-813ad59d3afa] GET /favicon.ico
[2025-09-18T12:58:20.936Z] [INFO] [IP: ::1] [07e8f8c3-1366-4997-983e-f9a5b68adcb5] GET /favicon.ico
[2025-09-18T12:58:22.907Z] [INFO] [IP: ::1] [a56af703-fd5d-4a6d-b2be-89240589ecb3] PUT /api/v1/admin/transactions/25
[2025-09-18T12:58:22.922Z] [INFO] [IP: ::1] [043f2c1a-a25a-4c0f-ab96-fcb2fb8a9cfc] PUT /api/v1/admin/transactions/25
[2025-09-18T12:58:22.930Z] [INFO] [IP: ::1] [ff122bc5-60aa-4ca4-8e15-320381810928] PUT /api/v1/admin/transactions/25
[2025-09-18T12:58:22.936Z] [INFO] [IP: ::1] [20c070cb-0934-433b-b6ea-5f570fce1994] PUT /api/v1/admin/transactions/25
[2025-09-18T12:58:23.089Z] [INFO] [IP: ::1] [5f522420-f4c4-4a00-95fc-4a6650864576] GET /api/v1/admin/transactions?page=1&limit=10
[2025-09-18T12:58:23.106Z] [INFO] [IP: ::1] [596bf766-44fe-411c-ab96-627d68d9614c] GET /api/v1/admin/transactions?page=1&limit=10
[2025-09-18T12:58:23.110Z] [INFO] [IP: ::1] [ebfeb8a8-58ce-4b4f-82e0-f4553068b98f] GET /api/v1/admin/transactions?page=1&limit=10
[2025-09-18T12:58:23.113Z] [INFO] [IP: ::1] [7bd9585a-6a55-4a8e-8b0a-a7840f27e9c5] GET /api/v1/admin/transactions?page=1&limit=10
[2025-09-18T12:58:53.037Z] [INFO] [IP: ::1] [a4226bd1-6976-4838-9dc0-31bd2de053e3] GET /admin-panel.html?section=transactions
[2025-09-18T12:58:53.105Z] [INFO] [IP: ::1] [20a5e026-fccc-4e8d-a346-101a4c7a07e6] GET /wp-content/plugins/elementor/assets/lib/font-awesome/css/all.mind1c0.css
[2025-09-18T12:58:53.122Z] [INFO] [IP: ::1] [1599f500-9b04-4d3a-92a6-c83ecd50e31a] GET /admin.css
[2025-09-18T12:58:53.212Z] [INFO] [IP: ::1] [34fe2732-66d1-4f21-89a9-a73433a99bcf] GET /file-upload.js
[2025-09-18T12:58:53.253Z] [INFO] [IP: ::1] [6115498e-e6f9-4629-9031-f88c397cdadb] GET /modal.js
[2025-09-18T12:58:53.255Z] [INFO] [IP: ::1] [1f5e2288-118c-4a01-adc7-595614714ecc] GET /.well-known/appspecific/com.chrome.devtools.json
[2025-09-18T12:58:53.519Z] [INFO] [IP: ::1] [36aef53c-28e7-46db-be13-9732fa812a0d] GET /wp-content/plugins/elementor/assets/lib/font-awesome/webfonts/fa-solid-900.woff2
[2025-09-18T12:58:53.544Z] [INFO] [IP: ::1] [281f9b6e-00f6-4900-845d-e6c311133015] GET /favicon.ico
[2025-09-18T12:58:53.694Z] [INFO] [IP: ::1] [c4fdb06c-be94-4b7c-817d-14f30a7d8cbe] GET /favicon.ico
[2025-09-18T12:59:01.833Z] [INFO] [IP: ::1] [f8884dd3-6f86-44eb-b7ec-6d01ca73cbc0] GET /admin-panel.html?section=transactions
[2025-09-18T12:59:01.885Z] [INFO] [IP: ::1] [3d70b1c6-ee22-4870-950c-d66482f3745a] GET /.well-known/appspecific/com.chrome.devtools.json
[2025-09-18T12:59:01.916Z] [INFO] [IP: ::1] [76e7fe21-2654-4524-8f3a-719d4caf8a3a] GET /wp-content/plugins/elementor/assets/lib/font-awesome/css/all.mind1c0.css
[2025-09-18T12:59:01.939Z] [INFO] [IP: ::1] [9f4b1d79-b116-4906-af87-9fceb4727104] GET /currency-converter.js
[2025-09-18T12:59:02.040Z] [INFO] [IP: ::1] [a23147c0-6321-4112-bb30-e6ec60634e78] GET /admin.css
[2025-09-18T12:59:02.108Z] [INFO] [IP: ::1] [dc338261-575c-4108-8db3-4c9ddf946cb2] GET /menu.js
[2025-09-18T12:59:02.153Z] [INFO] [IP: ::1] [2b777a98-ca7a-406d-9099-1bbd7a1d821a] GET /search-handlers.js
[2025-09-18T12:59:02.154Z] [INFO] [IP: ::1] [14f7519f-3667-40fc-b420-ea86365cef56] GET /action-handlers.js
[2025-09-18T12:59:02.170Z] [INFO] [IP: ::1] [de1fabc9-f73e-4f8b-aa89-d0c85a24dfa3] GET /user-handlers.js
[2025-09-18T12:59:02.172Z] [INFO] [IP: ::1] [ec920d91-6103-4d1b-8e9a-4af252fed178] GET /payment-schedule.js
[2025-09-18T12:59:02.173Z] [INFO] [IP: ::1] [211490e3-f526-41ef-a656-87c63de40dbe] GET /transaction-handlers.js
[2025-09-18T12:59:02.174Z] [INFO] [IP: ::1] [109340cd-b515-4716-8975-be65b612b6d2] GET /file-upload-handlers.js
[2025-09-18T12:59:02.184Z] [INFO] [IP: ::1] [6111dcc4-62d4-43d3-8b6d-7c82927bf97b] GET /user-modal.js
[2025-09-18T12:59:02.187Z] [INFO] [IP: ::1] [ea9f9b7d-7bc0-4f31-b39e-4da8d1a0651c] GET /transaction.js
[2025-09-18T12:59:02.193Z] [INFO] [IP: ::1] [54b7b238-7520-4d2d-a740-5c8ae97c8d71] GET /navigation.js
[2025-09-18T12:59:02.198Z] [INFO] [IP: ::1] [dc9b38b4-8235-4232-8d3f-7c41b0b6c068] GET /user-management.js
[2025-09-18T12:59:02.199Z] [INFO] [IP: ::1] [eedddf52-e575-406e-9427-b6f3efec59a9] GET /main.js
[2025-09-18T12:59:02.202Z] [INFO] [IP: ::1] [88bc894a-1d16-4fd9-a426-f3c12ddbd022] GET /transaction-management.js
[2025-09-18T12:59:02.215Z] [INFO] [IP: ::1] [8898d835-b6d7-499e-9426-f29c815d0ed5] GET /file-upload.js
[2025-09-18T12:59:02.223Z] [INFO] [IP: ::1] [b8a9bdae-0589-46c4-b092-92c5803d5c0d] GET /init-handlers.js
[2025-09-18T12:59:02.224Z] [INFO] [IP: ::1] [f9bafe7c-26b2-46c0-a078-8b734276b311] GET /init.js
[2025-09-18T12:59:02.239Z] [INFO] [IP: ::1] [c856512e-ab6b-488c-95d8-4b5b0811b389] GET /api-utils.js
[2025-09-18T12:59:02.240Z] [INFO] [IP: ::1] [24461692-eeb0-4c3c-a1bf-8e6aee8589a8] GET /modal.js
[2025-09-18T12:59:02.241Z] [INFO] [IP: ::1] [fd6a5a22-1a8b-40a7-b2a3-ae931280aed2] GET /modal-handlers.js
[2025-09-18T12:59:02.252Z] [INFO] [IP: ::1] [5ccf102f-d1d4-481b-9ed6-7f03c9611257] GET /utils.js
[2025-09-18T12:59:02.370Z] [INFO] [IP: ::1] [9ae2a7ec-1bd9-4e87-9aa9-5ff9c5bfba89] GET /wp-content/plugins/elementor/assets/lib/font-awesome/webfonts/fa-solid-900.woff2
[2025-09-18T12:59:02.426Z] [INFO] [IP: ::1] [c9e2b32c-cff4-4203-9452-6df7f006b6ac] GET /api/auth/admin/validate
[2025-09-18T12:59:02.439Z] [INFO] [IP: ::1] [748f068f-91d7-4192-aefc-b5c463d51c70] GET /api/v1/admin/transactions?page=1&limit=10
[2025-09-18T12:59:02.454Z] [INFO] [IP: ::1] [cc74c13f-ba6c-4515-8e63-7d0e2878045d] GET /api/v1/admin/users?status=active
[2025-09-18T12:59:02.472Z] [INFO] [IP: ::1] [697211ea-c769-4632-b072-ac7731ef5d6e] GET /favicon.ico
[2025-09-18T12:59:02.590Z] [INFO] [IP: ::1] [46c1aa7c-3144-4186-85bd-cd3b18bec13e] GET /favicon.ico
[2025-09-18T12:59:05.867Z] [INFO] [IP: ::1] [d53a8c95-f477-4037-825a-39823478cf05] PUT /api/v1/admin/transactions/25
[2025-09-18T12:59:05.898Z] [INFO] [IP: ::1] [159cff45-a2a4-45a4-b664-8334790b0335] GET /api/v1/admin/transactions?page=1&limit=10
[2025-09-18T12:59:07.300Z] [INFO] [IP: ::1] [ae545e83-2fed-465c-a43f-66f3bec71177] PUT /api/v1/admin/transactions/24
[2025-09-18T12:59:07.319Z] [INFO] [IP: ::1] [a8d61c43-b2cb-4a50-adca-4cf2b5dbf5cc] GET /api/v1/admin/transactions?page=1&limit=10
[2025-09-18T12:59:08.175Z] [INFO] [IP: ::1] [e3995196-e4ce-40fe-bfc2-282be32b0fc8] GET /api/v1/admin/transactions/24
[2025-09-18T12:59:08.206Z] [INFO] [IP: ::1] [7fd0a16d-ae6a-4c5d-8a95-29816586671a] GET /api/v1/admin/transactions/24/documents
[2025-09-18T12:59:08.210Z] [INFO] [IP: ::1] [32403c4f-f9cc-4909-a700-3e1bc08525e1] GET /api/v1/admin/transactions/24/payments
[2025-09-18T12:59:08.248Z] [INFO] [IP: ::1] [d16744c8-b9a6-4c27-9f00-f26b3469bded] GET /api/v1/admin/transactions/24/documents
[2025-09-18T12:59:10.334Z] [INFO] [IP: ::1] [547bf713-964f-49e5-951f-5fb6913c6502] GET /api/v1/admin/transactions/24
[2025-09-18T12:59:10.335Z] [INFO] [IP: ::1] [f416bcc1-be15-48a9-813c-9e03247538e9] GET /api/v1/admin/transactions/24/documents
[2025-09-18T12:59:10.341Z] [INFO] [IP: ::1] [ec742a56-a90f-47a2-98d1-8b83664b2a56] GET /api/v1/admin/transactions/24/payments
[2025-09-18T12:59:10.370Z] [INFO] [IP: ::1] [a36fd4c1-73ce-444a-9726-48bcad3d4349] GET /api/v1/admin/transactions/24/documents
[2025-09-18T12:59:13.773Z] [INFO] [IP: ::1] [5eb0f254-2ada-46e6-b0c5-061756b0eca5] PUT /api/v1/admin/transactions/25
[2025-09-18T12:59:13.794Z] [INFO] [IP: ::1] [c7d1a636-1520-4465-af59-c5867d9d91e8] GET /api/v1/admin/transactions?page=1&limit=10
[2025-09-18T12:59:34.324Z] [INFO] [IP: ::1] [b2a5b9d7-8ec5-4073-9b66-c76c22cd1fd3] PUT /api/v1/admin/transactions/25
[2025-09-18T12:59:34.381Z] [INFO] [IP: ::1] [e8a5c15d-01ee-4eb7-a9bf-2dc94eb4330c] GET /api/v1/admin/transactions?page=1&limit=10
[2025-09-18T12:59:35.422Z] [INFO] [IP: ::1] [d8ce49cf-23ee-4722-a11c-58b6780f06eb] GET /api/v1/admin/transactions/25
[2025-09-18T12:59:35.452Z] [INFO] [IP: ::1] [dc58b30d-a29e-4092-9917-32ea5a80e6f8] GET /api/v1/admin/transactions/25/documents
[2025-09-18T12:59:35.456Z] [INFO] [IP: ::1] [9ffb0a87-f2d4-47ee-9048-5490c9ea22d1] GET /api/v1/admin/transactions/25/payments
[2025-09-18T12:59:35.502Z] [INFO] [IP: ::1] [fc446227-193b-48a4-ba08-5e714dab37e8] GET /api/v1/admin/transactions/25/documents
[2025-09-18T13:07:36.203Z] [INFO] [IP: ::1] [3e72d675-f666-4043-9674-8504bebdf5d7] GET /admin-panel.html?section=transactions
[2025-09-18T13:07:36.285Z] [INFO] [IP: ::1] [bc8174fd-fdea-4c39-a647-e06c14e9214d] GET /wp-content/plugins/elementor/assets/lib/font-awesome/css/all.mind1c0.css
[2025-09-18T13:07:36.325Z] [INFO] [IP: ::1] [216c4e3d-dabb-4c4f-9591-8c621d0b4c44] GET /currency-converter.js
[2025-09-18T13:07:36.386Z] [INFO] [IP: ::1] [f9786d93-8a0f-41f3-bec7-cfb0902e2037] GET /admin.css
[2025-09-18T13:07:36.431Z] [INFO] [IP: ::1] [0d51ce27-8fa7-4bb3-8988-de558df1ae90] GET /file-upload-handlers.js
[2025-09-18T13:07:36.448Z] [INFO] [IP: ::1] [02a88bab-57ed-459c-99f1-31e8229d93ed] GET /menu.js
[2025-09-18T13:07:36.503Z] [INFO] [IP: ::1] [8e7f75e2-be65-4ded-af78-7cc061de2b68] GET /modal-handlers.js
[2025-09-18T13:07:36.507Z] [INFO] [IP: ::1] [95fc914b-3c67-4067-a99c-42517f5656ef] GET /search-handlers.js
[2025-09-18T13:07:36.508Z] [INFO] [IP: ::1] [31cf4564-319b-4457-8a70-f6eade4fe2ac] GET /action-handlers.js
[2025-09-18T13:07:36.522Z] [INFO] [IP: ::1] [c0aa9369-4220-4c77-8df2-0943ff557055] GET /user-handlers.js
[2025-09-18T13:07:36.524Z] [INFO] [IP: ::1] [37df1326-2a83-4626-8aa8-5e39e1301fdf] GET /payment-schedule.js
[2025-09-18T13:07:36.525Z] [INFO] [IP: ::1] [316fa9aa-3d7e-4ae7-94d2-774b88559c80] GET /transaction-handlers.js
[2025-09-18T13:07:36.547Z] [INFO] [IP: ::1] [52909d8d-834a-4c34-9133-129ac68b9643] GET /user-modal.js
[2025-09-18T13:07:36.549Z] [INFO] [IP: ::1] [887118bc-9952-4a77-a936-20945db1b10f] GET /transaction.js
[2025-09-18T13:07:36.554Z] [INFO] [IP: ::1] [c0531a62-3a40-43ec-be03-1e0255763580] GET /navigation.js
[2025-09-18T13:07:36.555Z] [INFO] [IP: ::1] [2fdc79ec-7d7b-4142-82a0-5c163e3bbb63] GET /user-management.js
[2025-09-18T13:07:36.557Z] [INFO] [IP: ::1] [58939ff1-4e5b-4d86-b8f7-472f622fa017] GET /main.js
[2025-09-18T13:07:36.557Z] [INFO] [IP: ::1] [4273e18d-6fcc-4b66-af79-afdcab3ff3ea] GET /transaction-management.js
[2025-09-18T13:07:36.577Z] [INFO] [IP: ::1] [009b9a25-69d5-426b-9b61-1c64af501203] GET /file-upload.js
[2025-09-18T13:07:36.579Z] [INFO] [IP: ::1] [5d727336-00b9-43d8-bb7f-47113ae541e9] GET /init-handlers.js
[2025-09-18T13:07:36.580Z] [INFO] [IP: ::1] [b0c727e4-baaa-454f-a706-61248ea993c9] GET /init.js
[2025-09-18T13:07:36.580Z] [INFO] [IP: ::1] [a8e3109a-980f-483c-bad2-a3cd9edf95b7] GET /api-utils.js
[2025-09-18T13:07:36.595Z] [INFO] [IP: ::1] [30c54736-73bf-4af7-b1f6-390a28fbf2cf] GET /modal.js
[2025-09-18T13:07:36.814Z] [INFO] [IP: ::1] [4f569a16-384d-4ce3-b6b2-5fa10d3caac6] GET /utils.js
[2025-09-18T13:07:36.818Z] [INFO] [IP: ::1] [b4ffc57f-f519-47d0-9aa5-51055aa146f9] GET /.well-known/appspecific/com.chrome.devtools.json
[2025-09-18T13:07:36.860Z] [INFO] [IP: ::1] [661f9738-7af5-4216-852e-c0372aafa390] GET /wp-content/plugins/elementor/assets/lib/font-awesome/webfonts/fa-solid-900.woff2
[2025-09-18T13:07:36.947Z] [INFO] [IP: ::1] [61e1195d-7448-43fe-9384-fd8c8c178788] GET /api/auth/admin/validate
[2025-09-18T13:07:36.965Z] [INFO] [IP: ::1] [d440da85-401d-4ae5-8a15-0ccb2b627aa4] GET /api/v1/admin/transactions?page=1&limit=10
[2025-09-18T13:07:36.979Z] [INFO] [IP: ::1] [cd570224-af51-415f-b19b-68e686d690eb] GET /api/v1/admin/users?status=active
[2025-09-18T13:07:36.999Z] [INFO] [IP: ::1] [772415e6-9edd-495f-8c73-cb5d684b1578] GET /favicon.ico
[2025-09-18T13:07:37.148Z] [INFO] [IP: ::1] [e497c0a6-8ce3-4078-a08d-91e133386ceb] GET /favicon.ico
[2025-09-18T13:07:38.849Z] [INFO] [IP: ::1] [2921dd63-f267-4f4f-9c81-b2f387badb29] GET /api/v1/admin/transactions/25
[2025-09-18T13:07:38.856Z] [INFO] [IP: ::1] [066c9ce5-c6f5-4c8c-b063-b7fbb05437b4] GET /api/v1/admin/transactions/25/documents
[2025-09-18T13:07:38.857Z] [INFO] [IP: ::1] [8da4a96c-71a0-4e06-bef8-fd92ee5ab3d6] GET /api/v1/admin/transactions/25/payments
[2025-09-18T13:07:38.858Z] [INFO] [IP: ::1] [4a393911-63fe-42cc-ba16-6ebdfd3ab703] GET /api/v1/admin/users/25
[2025-09-18T13:07:38.920Z] [INFO] [IP: ::1] [3f17c307-bbf3-4a63-9f62-123914f71842] GET /api/v1/admin/transactions/25/documents
[2025-09-18T13:09:37.728Z] [INFO] [IP: ::1] [a646e6bd-a256-4f4e-919c-4656bc13c512] GET /wp-content/plugins/elementor/assets/lib/font-awesome/css/all.mind1c0.css
[2025-09-18T13:09:37.730Z] [INFO] [IP: ::1] [5865b52a-6473-4e81-9d2d-1680b55f1ae2] GET /admin.css
[2025-09-18T13:09:37.740Z] [INFO] [IP: ::1] [bb39a2ed-d751-4dd7-9bbd-208504d64579] GET /.well-known/appspecific/com.chrome.devtools.json
[2025-09-18T13:09:38.376Z] [INFO] [IP: ::1] [a8a46af6-aca4-49bd-91b0-3bf2271fd3c2] GET /admin-panel.html?section=transactions
[2025-09-18T13:09:38.437Z] [INFO] [IP: ::1] [57831c94-d107-4dda-871d-da4a325373e7] GET /.well-known/appspecific/com.chrome.devtools.json
[2025-09-18T13:09:38.493Z] [INFO] [IP: ::1] [223d5bb2-2ffc-42c1-b6f6-724040358fff] GET /wp-content/plugins/elementor/assets/lib/font-awesome/css/all.mind1c0.css
[2025-09-18T13:09:38.510Z] [INFO] [IP: ::1] [7871fce7-7969-4523-9f9b-76531b602049] GET /admin.css
[2025-09-18T13:09:38.513Z] [INFO] [IP: ::1] [6d3594cb-eaf9-4a30-96c5-72aeb5fe1699] GET /api-utils.js
[2025-09-18T13:09:38.514Z] [INFO] [IP: ::1] [7ae04f51-af26-4927-becd-cde1e077a177] GET /currency-converter.js
[2025-09-18T13:09:38.516Z] [INFO] [IP: ::1] [117603aa-0214-42a8-807d-3fc798644545] GET /modal.js
[2025-09-18T13:09:38.518Z] [INFO] [IP: ::1] [581afb63-ac9a-479d-bca5-243eedc6fd98] GET /modal-handlers.js
[2025-09-18T13:09:38.531Z] [INFO] [IP: ::1] [948c5fc4-8ae2-4239-87eb-8dcf2a9e5112] GET /utils.js
[2025-09-18T13:09:38.539Z] [INFO] [IP: ::1] [281b0837-8d0e-42bd-96a1-886f48d6abe6] GET /search-handlers.js
[2025-09-18T13:09:38.541Z] [INFO] [IP: ::1] [1eade5f6-664d-469e-a3fd-f5f43d28c733] GET /action-handlers.js
[2025-09-18T13:09:38.543Z] [INFO] [IP: ::1] [054fccff-da98-4e8f-bc29-d3024bc8d8f2] GET /user-handlers.js
[2025-09-18T13:09:38.545Z] [INFO] [IP: ::1] [605d9941-bd43-4eb6-95d0-8d8c6fefd62a] GET /payment-schedule.js
[2025-09-18T13:09:38.551Z] [INFO] [IP: ::1] [68b904b7-66b0-436a-bb27-152aa167ab6c] GET /transaction-handlers.js
[2025-09-18T13:09:38.562Z] [INFO] [IP: ::1] [e528187e-d2e0-4f27-8658-56c6301ff721] GET /file-upload-handlers.js
[2025-09-18T13:09:38.568Z] [INFO] [IP: ::1] [8011c56c-dae5-4962-bcab-8561949123a6] GET /user-modal.js
[2025-09-18T13:09:38.570Z] [INFO] [IP: ::1] [a9857037-92b2-48b5-b9fb-cfe8afcc3fd7] GET /transaction.js
[2025-09-18T13:09:38.571Z] [INFO] [IP: ::1] [c08184f7-8b1d-4e46-a91e-a53fa48d69d5] GET /navigation.js
[2025-09-18T13:09:38.572Z] [INFO] [IP: ::1] [43719020-c9bd-41cd-9970-83ce6ca9b1eb] GET /menu.js
[2025-09-18T13:09:38.594Z] [INFO] [IP: ::1] [c5155a30-8e0b-4025-9ca2-315e0bb264f6] GET /user-management.js
[2025-09-18T13:09:38.597Z] [INFO] [IP: ::1] [7942be3d-5d1c-4de0-b251-b087ee616726] GET /main.js
[2025-09-18T13:09:38.601Z] [INFO] [IP: ::1] [f494a3f9-f9af-4e2f-a361-3a44d8461d27] GET /transaction-management.js
[2025-09-18T13:09:38.604Z] [INFO] [IP: ::1] [44a44473-9b10-4162-9f8d-91ff0a275efb] GET /file-upload.js
[2025-09-18T13:09:38.606Z] [INFO] [IP: ::1] [2016727d-8042-4d69-9999-8ac2c4df3e10] GET /init-handlers.js
[2025-09-18T13:09:38.608Z] [INFO] [IP: ::1] [2f845f4f-ac93-46bd-a949-8f47bda1dd6a] GET /init.js
[2025-09-18T13:09:38.935Z] [INFO] [IP: ::1] [9848fd13-4330-42b7-9bc1-efc21c00445f] GET /wp-content/plugins/elementor/assets/lib/font-awesome/webfonts/fa-solid-900.woff2
[2025-09-18T13:09:39.013Z] [INFO] [IP: ::1] [4d0ddb2a-e721-46bc-ad8e-ba2baa43cb5a] GET /api/auth/admin/validate
[2025-09-18T13:09:39.023Z] [INFO] [IP: ::1] [4010eb2f-a0a5-4a69-8a37-bcc1a27fd08e] GET /api/v1/admin/transactions?page=1&limit=10
[2025-09-18T13:09:39.033Z] [INFO] [IP: ::1] [965db8d9-ce54-4f7d-9d63-7808755f56dd] GET /api/v1/admin/users?status=active
[2025-09-18T13:09:39.090Z] [INFO] [IP: ::1] [8e45084b-48b7-4a0b-892f-60de2f0f08ff] GET /favicon.ico
[2025-09-18T13:09:39.163Z] [INFO] [IP: ::1] [a76ff68c-9495-49fb-b7c0-95957b3d446e] GET /favicon.ico
[2025-09-18T13:12:07.982Z] [INFO] [IP: ::1] [97146701-7d9c-48b4-89a7-043b75a6c2a1] GET /api/v1/admin/transactions?page=1&limit=10&search=s
[2025-09-18T13:12:08.006Z] [INFO] [IP: ::1] [0b5e8550-489c-4602-a2e2-d4a5b300b0cc] GET /api/v1/admin/transactions?page=1&limit=10&search=s
[2025-09-18T13:12:08.012Z] [INFO] [IP: ::1] [70882fac-5421-4bfa-8ba2-cd945805766c] GET /api/v1/admin/transactions?page=1&limit=10&search=s
[2025-09-18T13:12:08.013Z] [INFO] [IP: ::1] [b981d4a4-e857-4b1d-9afe-b71667c65bf1] GET /api/v1/admin/transactions?page=1&limit=10&search=s
[2025-09-18T13:12:09.212Z] [INFO] [IP: ::1] [f0b0e46e-d145-4926-a2ac-90a0d51358cd] GET /api/v1/admin/transactions?page=1&limit=10&search=ss
[2025-09-18T13:12:09.220Z] [INFO] [IP: ::1] [02bcc74d-a0eb-4d22-b302-cb4e475ec143] GET /api/v1/admin/transactions?page=1&limit=10&search=ss
[2025-09-18T13:12:09.222Z] [INFO] [IP: ::1] [24dec302-c046-4e05-97f7-3f9d563b5a37] GET /api/v1/admin/transactions?page=1&limit=10&search=ss
[2025-09-18T13:12:09.223Z] [INFO] [IP: ::1] [8f39ab8a-380e-4399-aad7-32870832e65e] GET /api/v1/admin/transactions?page=1&limit=10&search=ss
[2025-09-18T13:12:10.235Z] [INFO] [IP: ::1] [5a3ca7db-34b4-4431-8515-0fcd4bde9bf6] GET /api/v1/admin/transactions?page=1&limit=10&search=ssss
[2025-09-18T13:12:10.243Z] [INFO] [IP: ::1] [82623003-01b9-4a72-bad5-be4e2bf7eebf] GET /api/v1/admin/transactions?page=1&limit=10&search=ssss
[2025-09-18T13:12:10.244Z] [INFO] [IP: ::1] [4e62338b-55a4-4323-acc2-c17771d34fe6] GET /api/v1/admin/transactions?page=1&limit=10&search=ssss
[2025-09-18T13:12:10.256Z] [INFO] [IP: ::1] [0409b5d3-63f6-4679-98aa-365e9fdf98d2] GET /api/v1/admin/transactions?page=1&limit=10&search=ssss
[2025-09-18T13:12:21.126Z] [INFO] [IP: ::1] [a7d24cb1-8ba7-4c93-9b56-23fe67e5cfe2] GET /api/v1/admin/transactions?page=1&limit=10
[2025-09-18T13:12:21.144Z] [INFO] [IP: ::1] [931f3439-b9bc-4fc1-8a9a-a2cc8c99828a] GET /api/v1/admin/transactions?page=1&limit=10
[2025-09-18T13:12:21.151Z] [INFO] [IP: ::1] [8c1f8e5f-abee-4827-a5d2-d009299b8369] GET /api/v1/admin/transactions?page=1&limit=10
[2025-09-18T13:12:21.155Z] [INFO] [IP: ::1] [4dcba697-6702-44ba-89de-a7aa5c6ba00c] GET /api/v1/admin/transactions?page=1&limit=10
[2025-09-18T13:13:10.244Z] [INFO] [IP: ::1] [a2d41b72-902d-466b-a20c-115d0321df58] GET /api/v1/admin/users?status=active
[2025-09-18T13:13:10.867Z] [INFO] [IP: ::1] [78224f0e-24fd-401a-8a80-fa5e9922dbb9] GET /api/v1/admin/users?status=archived
[2025-09-18T13:13:14.244Z] [INFO] [IP: ::1] [c5f602da-e859-40a4-8c2f-5c6c6673400c] GET /api/v1/admin/users?status=active
[2025-09-18T13:13:15.284Z] [INFO] [IP: ::1] [93378853-bce8-48f8-b421-251aceb5050f] GET /api/v1/admin/users?status=archived
[2025-09-18T13:13:16.071Z] [INFO] [IP: ::1] [71d6589e-2c65-43a3-aeba-1aeba444b3de] GET /api/v1/admin/users?status=active
[2025-09-18T13:13:19.933Z] [INFO] [IP: ::1] [9e69aca6-ee46-4315-9466-0e10d7334949] GET /api/v1/admin/transactions?page=1&limit=10
[2025-09-18T13:14:31.762Z] [INFO] [IP: ::1] [71550c4c-6a3e-4b43-a6c0-3c19e2884d83] GET /admin-panel.html?section=transactions
[2025-09-18T13:14:31.816Z] [INFO] [IP: ::1] [34131725-85ac-4000-be4b-411cabc24fbb] GET /wp-content/plugins/elementor/assets/lib/font-awesome/css/all.mind1c0.css
[2025-09-18T13:14:31.850Z] [INFO] [IP: ::1] [ce3eb10b-d95b-483b-9439-7b97fc6f2dc2] GET /modal.js
[2025-09-18T13:14:31.923Z] [INFO] [IP: ::1] [dfb0e9ae-458f-4214-85e2-b289f8491703] GET /admin.css
[2025-09-18T13:14:32.001Z] [INFO] [IP: ::1] [9510997d-52f7-4dde-b4a3-1ae17b5ed2fa] GET /init-handlers.js
[2025-09-18T13:14:32.020Z] [INFO] [IP: ::1] [cbd8acdd-0379-4561-bcfd-fac50c4430cb] GET /search-handlers.js
[2025-09-18T13:14:32.021Z] [INFO] [IP: ::1] [67893476-cbd0-4708-b1d7-1abdd42e6ae5] GET /action-handlers.js
[2025-09-18T13:14:32.030Z] [INFO] [IP: ::1] [3205acb2-a42b-407f-91ef-fbeb0a9d7dd8] GET /user-handlers.js
[2025-09-18T13:14:32.034Z] [INFO] [IP: ::1] [ebcae7b1-d3a7-40a8-b40f-1d461bd86304] GET /payment-schedule.js
[2025-09-18T13:14:32.037Z] [INFO] [IP: ::1] [3944301b-7da8-4018-9c83-b0d499874fa7] GET /transaction-handlers.js
[2025-09-18T13:14:32.040Z] [INFO] [IP: ::1] [c5869537-1c95-4daa-bcbe-2304a113be5a] GET /file-upload-handlers.js
[2025-09-18T13:14:32.052Z] [INFO] [IP: ::1] [69fe834d-b746-4cbc-829f-47e25737b0a7] GET /user-modal.js
[2025-09-18T13:14:32.054Z] [INFO] [IP: ::1] [6ef95235-c9ad-4985-bdfe-8a2be7a508ca] GET /transaction.js
[2025-09-18T13:14:32.057Z] [INFO] [IP: ::1] [08880922-e78c-4df9-8370-b1005dbed752] GET /navigation.js
[2025-09-18T13:14:32.061Z] [INFO] [IP: ::1] [66b32c4a-ca90-4f47-8cc0-5132db408005] GET /menu.js
[2025-09-18T13:14:32.061Z] [INFO] [IP: ::1] [950bdd5d-9db0-4a3f-87e8-dbc0f7c03a66] GET /user-management.js
[2025-09-18T13:14:32.066Z] [INFO] [IP: ::1] [0c476ea6-3b80-48c8-81c3-3e2b5233f69f] GET /main.js
[2025-09-18T13:14:32.074Z] [INFO] [IP: ::1] [bdf09614-8f28-4bc0-84a3-3fe77683046d] GET /transaction-management.js
[2025-09-18T13:14:32.076Z] [INFO] [IP: ::1] [674aa569-243c-4453-9109-3be7461c9856] GET /file-upload.js
[2025-09-18T13:14:32.081Z] [INFO] [IP: ::1] [70a8c9b5-28ec-453c-937c-4d82849d3673] GET /init.js
[2025-09-18T13:14:32.082Z] [INFO] [IP: ::1] [38a6775a-99fe-4906-810d-b15c23f01ed5] GET /api-utils.js
[2025-09-18T13:14:32.083Z] [INFO] [IP: ::1] [22e33b48-c1b5-44e0-99bb-81ae07ad8c33] GET /currency-converter.js
[2025-09-18T13:14:32.088Z] [INFO] [IP: ::1] [0cacc8bf-e557-4a31-8992-cfcbe8e6c1f1] GET /modal-handlers.js
[2025-09-18T13:14:32.099Z] [INFO] [IP: ::1] [ec1450a2-a12e-4648-9885-1c67f14b16be] GET /utils.js
[2025-09-18T13:14:32.238Z] [INFO] [IP: ::1] [8e580151-c207-458a-a82a-3c7b9185747c] GET /wp-content/plugins/elementor/assets/lib/font-awesome/webfonts/fa-solid-900.woff2
[2025-09-18T13:14:32.266Z] [INFO] [IP: ::1] [d937699a-0bbe-4e9c-946c-d010cf5be09f] GET /api/auth/admin/validate
[2025-09-18T13:14:32.281Z] [INFO] [IP: ::1] [bb546095-8cae-488b-becb-c21293541372] GET /api/v1/admin/transactions?page=1&limit=10
[2025-09-18T13:14:32.282Z] [INFO] [IP: ::1] [8ad9c12c-802c-4030-84d5-2da9ff9b5a20] GET /api/v1/admin/users?status=active
[2025-09-18T13:14:32.320Z] [INFO] [IP: ::1] [1a5c5eeb-db42-4995-96aa-f52c630500b5] GET /favicon.ico
[2025-09-18T13:14:32.368Z] [INFO] [IP: ::1] [ae2e8a33-f279-45ca-94e1-c4905f6db1c1] GET /favicon.ico
[2025-09-18T13:14:34.580Z] [INFO] [IP: ::1] [8ab64c7a-5331-48d7-bb9e-03c5de87399d] GET /api/v1/admin/transactions/25
[2025-09-18T13:14:34.601Z] [INFO] [IP: ::1] [ec4453c6-621f-4cfb-857e-7ceadba011a7] GET /api/v1/admin/transactions/25/documents
[2025-09-18T13:14:34.604Z] [INFO] [IP: ::1] [f99bdda2-2857-4841-b2fa-a843e8f75832] GET /api/v1/admin/transactions/25/payments
[2025-09-18T13:14:34.634Z] [INFO] [IP: ::1] [9562a046-1593-4b32-b248-b6e3cd87e6c7] GET /api/v1/admin/transactions/25/documents
[2025-09-18T13:15:35.076Z] [INFO] [IP: ::1] [59c293b9-80dc-4358-8a5e-b444f82ef93b] GET /admin.css
[2025-09-18T13:15:35.080Z] [INFO] [IP: ::1] [7456f962-2df0-4ffd-af18-fc294cca78e8] GET /wp-content/plugins/elementor/assets/lib/font-awesome/css/all.mind1c0.css
[2025-09-18T13:15:35.090Z] [INFO] [IP: ::1] [cdb0b289-8967-4478-bd0d-e46ebd96917b] GET /.well-known/appspecific/com.chrome.devtools.json
[2025-09-18T13:16:04.714Z] [INFO] [IP: ::1] [a671d0db-60c0-4144-9d84-7bcead63d500] GET /admin-panel.html?section=transactions
[2025-09-18T13:16:04.759Z] [INFO] [IP: ::1] [1b69e657-57c3-448d-88c9-e290ab290f9b] GET /.well-known/appspecific/com.chrome.devtools.json
[2025-09-18T13:16:04.790Z] [INFO] [IP: ::1] [6fe01941-ddc5-4dbc-96b9-3b6e68335f2e] GET /wp-content/plugins/elementor/assets/lib/font-awesome/css/all.mind1c0.css
[2025-09-18T13:16:04.825Z] [INFO] [IP: ::1] [b141d3f0-ac72-4880-888d-f268ce4a3062] GET /currency-converter.js
[2025-09-18T13:16:04.933Z] [INFO] [IP: ::1] [c38b4f24-1eeb-4434-b50e-2c493201badf] GET /admin.css
[2025-09-18T13:16:04.983Z] [INFO] [IP: ::1] [0cffaca9-e6a8-4da4-8b02-e2d7d33dad93] GET /transaction-management.js
[2025-09-18T13:16:05.002Z] [INFO] [IP: ::1] [b13f3d68-8cef-45d8-ad71-bd280da3f4b6] GET /search-handlers.js
[2025-09-18T13:16:05.022Z] [INFO] [IP: ::1] [d38fd558-58b4-4c82-9a0e-5b8e2567732b] GET /action-handlers.js
[2025-09-18T13:16:05.027Z] [INFO] [IP: ::1] [c5894011-6073-45db-a48e-7b8d7a2f6cc8] GET /user-handlers.js
[2025-09-18T13:16:05.029Z] [INFO] [IP: ::1] [c2ee27f0-0ce9-4ac8-bd50-a49065d8504f] GET /payment-schedule.js
[2025-09-18T13:16:05.031Z] [INFO] [IP: ::1] [d93903ac-bb98-470c-ad13-c254b365ab5c] GET /transaction-handlers.js
[2025-09-18T13:16:05.037Z] [INFO] [IP: ::1] [8d2c91bd-4e9f-428e-a984-8b9e5b264bb1] GET /file-upload-handlers.js
[2025-09-18T13:16:05.048Z] [INFO] [IP: ::1] [09d4114b-0115-40e2-9ba3-fa5f9cb5afe7] GET /user-modal.js
[2025-09-18T13:16:05.058Z] [INFO] [IP: ::1] [7ecdff3d-5fa8-49e3-a0ce-ce96ca39e499] GET /transaction.js
[2025-09-18T13:16:05.059Z] [INFO] [IP: ::1] [513ac463-624c-4c4a-bd69-285c2af5caa9] GET /navigation.js
[2025-09-18T13:16:05.061Z] [INFO] [IP: ::1] [820ddfb1-c857-423b-8127-9206ffe979a9] GET /menu.js
[2025-09-18T13:16:05.062Z] [INFO] [IP: ::1] [59196012-1ea6-42e1-92cc-c69381cc707c] GET /user-management.js
[2025-09-18T13:16:05.066Z] [INFO] [IP: ::1] [2fc3c1fa-9d03-430d-866d-856d6824df44] GET /main.js
[2025-09-18T13:16:05.073Z] [INFO] [IP: ::1] [fcf4f57f-207a-4061-9fd3-5d338a5d0e09] GET /file-upload.js
[2025-09-18T13:16:05.080Z] [INFO] [IP: ::1] [c14dc8e3-bfc7-4165-964f-c9712ea1a658] GET /init-handlers.js
[2025-09-18T13:16:05.082Z] [INFO] [IP: ::1] [7f4862fe-4f23-45dc-9a98-92a8e7253008] GET /init.js
[2025-09-18T13:16:05.085Z] [INFO] [IP: ::1] [12bd228a-bd50-41ff-9a70-0ed7db95d202] GET /api-utils.js
[2025-09-18T13:16:05.086Z] [INFO] [IP: ::1] [09a312cc-f7ba-4c20-9e63-5362b93ca1d0] GET /modal.js
[2025-09-18T13:16:05.087Z] [INFO] [IP: ::1] [9dd08e1a-5c8d-4e74-ad89-8da6a94ec24b] GET /modal-handlers.js
[2025-09-18T13:16:05.100Z] [INFO] [IP: ::1] [f2ed0ebc-7be4-4f06-ae8c-f7761253ef5f] GET /utils.js
[2025-09-18T13:16:05.193Z] [INFO] [IP: ::1] [65f01fe7-cde7-4b68-8a60-0f51955d3fda] GET /wp-content/plugins/elementor/assets/lib/font-awesome/webfonts/fa-solid-900.woff2
[2025-09-18T13:16:05.255Z] [INFO] [IP: ::1] [d48ddb62-e5f2-47d3-84ed-cfc6ed7ec9a9] GET /api/auth/admin/validate
[2025-09-18T13:16:05.274Z] [INFO] [IP: ::1] [c99278dd-1c9c-4192-8b5b-6b3a18e1018f] GET /api/v1/admin/transactions?page=1&limit=10
[2025-09-18T13:16:05.283Z] [INFO] [IP: ::1] [fe797904-2f6a-4a62-8cf8-b45f92dc02e8] GET /api/v1/admin/users?status=active
[2025-09-18T13:16:05.294Z] [INFO] [IP: ::1] [457aa1a8-2bb7-4e46-9540-bfb46addb5f0] GET /favicon.ico
[2025-09-18T13:16:05.376Z] [INFO] [IP: ::1] [d3c3cfff-9486-49fe-9ad4-30a1fb8937a0] GET /favicon.ico
[2025-09-18T13:16:08.361Z] [INFO] [IP: ::1] [e3f2993b-571f-4751-8c6d-b5f2b54d34fd] GET /api/v1/admin/transactions/25
[2025-09-18T13:16:08.368Z] [INFO] [IP: ::1] [3160cb75-2404-42f0-8d23-66608686d9bb] GET /api/v1/admin/transactions/25/documents
[2025-09-18T13:16:08.369Z] [INFO] [IP: ::1] [8eb50719-9fac-4b20-bcfe-a802f16a65e5] GET /api/v1/admin/transactions/25/payments
[2025-09-18T13:16:08.370Z] [INFO] [IP: ::1] [19c83173-7f77-407e-b6e2-794eabbaf33f] GET /api/v1/admin/users/25
[2025-09-18T13:16:08.420Z] [INFO] [IP: ::1] [e0a0a86a-d77e-4b66-8cdf-a156b19caa78] GET /api/v1/admin/transactions/25/documents
[2025-09-18T13:16:36.389Z] [INFO] [IP: ::1] [e023ef01-570a-4112-8d46-e25a628b1698] GET /admin-panel.html?section=transactions
[2025-09-18T13:16:36.441Z] [INFO] [IP: ::1] [23fd47e5-3d4b-435e-b737-b5010f8dfa3a] GET /.well-known/appspecific/com.chrome.devtools.json
[2025-09-18T13:16:36.477Z] [INFO] [IP: ::1] [a0d93534-50e1-43c8-af59-5b7316740e0e] GET /wp-content/plugins/elementor/assets/lib/font-awesome/css/all.mind1c0.css
[2025-09-18T13:16:36.526Z] [INFO] [IP: ::1] [70e38d08-bf08-480b-8739-4774cf20ac84] GET /admin.css
[2025-09-18T13:16:36.627Z] [INFO] [IP: ::1] [77e69d7a-dcc6-460a-9cca-4e4d7ce48d9c] GET /main.js
[2025-09-18T13:16:36.678Z] [INFO] [IP: ::1] [b93a11f9-1f32-4731-b691-4da5e09a26ff] GET /utils.js
[2025-09-18T13:16:36.680Z] [INFO] [IP: ::1] [1c945c43-aa00-40f3-ab88-11ce3cf17c67] GET /search-handlers.js
[2025-09-18T13:16:36.681Z] [INFO] [IP: ::1] [985902de-0140-4034-9084-caccc69dbbee] GET /action-handlers.js
[2025-09-18T13:16:36.687Z] [INFO] [IP: ::1] [ddf31d7a-ff9b-412e-828d-acb93c798385] GET /user-handlers.js
[2025-09-18T13:16:36.690Z] [INFO] [IP: ::1] [fc6368a4-add5-498d-ba02-6c44d9d3fa24] GET /payment-schedule.js
[2025-09-18T13:16:36.901Z] [INFO] [IP: ::1] [48db6a73-f269-4e78-83d1-7b663c324d09] GET /transaction-handlers.js
[2025-09-18T13:16:36.908Z] [INFO] [IP: ::1] [b8988d81-4e55-4cac-9c8a-80c6ffcae8df] GET /file-upload-handlers.js
[2025-09-18T13:16:36.909Z] [INFO] [IP: ::1] [aa14059d-8e00-4b36-9d4a-fea2d48b70f9] GET /user-modal.js
[2025-09-18T13:16:36.910Z] [INFO] [IP: ::1] [2b5b42af-2480-4791-8533-2b7e44b8bd06] GET /transaction.js
[2025-09-18T13:16:36.911Z] [INFO] [IP: ::1] [5e65f0bc-e47b-4104-853c-fa73728d5e3a] GET /navigation.js
[2025-09-18T13:16:36.912Z] [INFO] [IP: ::1] [8d47f7d6-a37e-4eea-b420-149f2a32bbd5] GET /menu.js
[2025-09-18T13:16:36.917Z] [INFO] [IP: ::1] [6ac76a7a-71e1-419a-bedc-c9590908bfed] GET /user-management.js
[2025-09-18T13:16:36.927Z] [INFO] [IP: ::1] [6cb32e79-679e-41ab-b634-74450b9eaec5] GET /transaction-management.js
[2025-09-18T13:16:36.929Z] [INFO] [IP: ::1] [f36397a7-b773-40cb-9f00-c8e415735859] GET /file-upload.js
[2025-09-18T13:16:36.933Z] [INFO] [IP: ::1] [bea29542-0fae-4166-823c-5859f8fa11ee] GET /init-handlers.js
[2025-09-18T13:16:36.937Z] [INFO] [IP: ::1] [cd8ea206-58cb-4c51-971f-f1fab706ad51] GET /init.js
[2025-09-18T13:16:36.944Z] [INFO] [IP: ::1] [e492c1b4-ef97-4ef5-a126-7eeee5af959b] GET /api-utils.js
[2025-09-18T13:16:36.950Z] [INFO] [IP: ::1] [8761fd63-2b59-4f41-a023-d47bedacaa86] GET /currency-converter.js
[2025-09-18T13:16:36.959Z] [INFO] [IP: ::1] [1a05e4d0-3b5d-485e-8671-fc3e062ba799] GET /modal.js
[2025-09-18T13:16:36.969Z] [INFO] [IP: ::1] [3432890b-7411-4deb-b0b2-065d0062bd9f] GET /modal-handlers.js
[2025-09-18T13:16:36.971Z] [INFO] [IP: ::1] [7b23b6f2-4030-4cef-85ce-12f47e37bc07] GET /wp-content/plugins/elementor/assets/lib/font-awesome/webfonts/fa-solid-900.woff2
[2025-09-18T13:16:37.052Z] [INFO] [IP: ::1] [ed3601f2-6a89-4d7b-bf05-1d26d5eec674] GET /api/auth/admin/validate
[2025-09-18T13:16:37.060Z] [INFO] [IP: ::1] [9ee01eb3-148b-4a58-9253-9aea838683b4] GET /api/v1/admin/transactions?page=1&limit=10
[2025-09-18T13:16:37.079Z] [INFO] [IP: ::1] [224f9404-b189-4ef6-a0ab-fc213acfb327] GET /api/v1/admin/users?status=active
[2025-09-18T13:16:37.137Z] [INFO] [IP: ::1] [b671146f-2b77-4083-a4fc-bfd4a81e0c0b] GET /favicon.ico
[2025-09-18T13:16:37.187Z] [INFO] [IP: ::1] [b0e4fdb0-9fd4-4bae-a21f-061ce0524b9e] GET /favicon.ico
[2025-09-18T13:16:43.712Z] [INFO] [IP: ::1] [cb496abb-861a-4c5c-b3a1-4c0de791f746] GET /api/v1/admin/transactions/25
[2025-09-18T13:16:43.725Z] [INFO] [IP: ::1] [83ebc241-a579-4ec7-ab9f-e7802f2c6587] GET /api/v1/admin/transactions/25/documents
[2025-09-18T13:16:43.731Z] [INFO] [IP: ::1] [50639cd7-6f5f-4eb8-b5d7-a0b42dc5faa2] GET /api/v1/admin/transactions/25/payments
[2025-09-18T13:16:43.733Z] [INFO] [IP: ::1] [dddce576-7de2-4de8-8a20-c07df177a114] GET /api/v1/admin/users/25
[2025-09-18T13:16:43.780Z] [INFO] [IP: ::1] [d2e0247b-4cb8-4784-afb5-3a98e5959987] GET /api/v1/admin/transactions/25/documents
[2025-09-18T13:19:09.941Z] [INFO] [IP: ::1] [36662fae-840a-4828-b9e9-7dc4741d0405] GET /admin-panel.html?section=transactions
[2025-09-18T13:19:10.004Z] [INFO] [IP: ::1] [3ed64d26-7fc3-4135-bcf9-96a9c73bd3c1] GET /wp-content/plugins/elementor/assets/lib/font-awesome/css/all.mind1c0.css
[2025-09-18T13:19:10.042Z] [INFO] [IP: ::1] [e24da810-d80c-4d3c-b75e-285d4f51f568] GET /currency-converter.js
[2025-09-18T13:19:10.133Z] [INFO] [IP: ::1] [a2a90b75-eff9-4833-bc95-6556ebd98e8b] GET /admin.css
[2025-09-18T13:19:10.191Z] [INFO] [IP: ::1] [b5d357b6-f4d5-449a-a64c-93778314fa27] GET /menu.js
[2025-09-18T13:19:10.261Z] [INFO] [IP: ::1] [926b4b09-595d-469f-ada1-fbdc5cd34955] GET /search-handlers.js
[2025-09-18T13:19:10.275Z] [INFO] [IP: ::1] [06abbe61-c633-4fab-96f5-e800ccc56e82] GET /action-handlers.js
[2025-09-18T13:19:10.277Z] [INFO] [IP: ::1] [17401f45-8892-45ca-a16e-afed6fb72e42] GET /user-handlers.js
[2025-09-18T13:19:10.279Z] [INFO] [IP: ::1] [5729cf9a-2e39-49ee-98d1-a0306160cedf] GET /payment-schedule.js
[2025-09-18T13:19:10.281Z] [INFO] [IP: ::1] [e9289c36-64ca-4655-b382-43fc6114c066] GET /transaction-handlers.js
[2025-09-18T13:19:10.283Z] [INFO] [IP: ::1] [4de6bc13-0adf-4fb3-a4dd-aa9f1811a0e5] GET /file-upload-handlers.js
[2025-09-18T13:19:10.299Z] [INFO] [IP: ::1] [f016f6c8-22a8-4434-aff8-aa539f6303e2] GET /user-modal.js
[2025-09-18T13:19:10.300Z] [INFO] [IP: ::1] [7780df60-daa7-4be4-991a-ecf1796affa0] GET /transaction.js
[2025-09-18T13:19:10.306Z] [INFO] [IP: ::1] [9c87e9b5-069f-4bc1-8cae-151d005e4b53] GET /navigation.js
[2025-09-18T13:19:10.307Z] [INFO] [IP: ::1] [2760bac4-3bd1-452a-a2b3-a7b359748f0e] GET /user-management.js
[2025-09-18T13:19:10.308Z] [INFO] [IP: ::1] [d209f7fb-23d6-4f9b-896f-f7329f4fbeaf] GET /main.js
[2025-09-18T13:19:10.309Z] [INFO] [IP: ::1] [2962846a-d2f9-4892-a803-f8111bdeaa55] GET /transaction-management.js
[2025-09-18T13:19:10.324Z] [INFO] [IP: ::1] [327b4794-7691-448d-86bd-34b81f95d18f] GET /file-upload.js
[2025-09-18T13:19:10.326Z] [INFO] [IP: ::1] [2ed00a4e-8cca-434f-9fc1-96d8c5f5d3e8] GET /init-handlers.js
[2025-09-18T13:19:10.332Z] [INFO] [IP: ::1] [e224a427-923f-4aa9-b275-f71c9df4247e] GET /init.js
[2025-09-18T13:19:10.333Z] [INFO] [IP: ::1] [8eb9f99b-e0d0-49c9-ad06-d4298a17c248] GET /api-utils.js
[2025-09-18T13:19:10.337Z] [INFO] [IP: ::1] [ed2627b6-d4c1-4a0f-88cf-97db66245cdd] GET /modal.js
[2025-09-18T13:19:10.342Z] [INFO] [IP: ::1] [b5b4935e-dfe6-4893-bdb8-5e5720f26822] GET /modal-handlers.js
[2025-09-18T13:19:10.355Z] [INFO] [IP: ::1] [cc7cdd6a-2971-4bd6-b238-d1c57ec1cfbe] GET /utils.js
[2025-09-18T13:19:10.356Z] [INFO] [IP: ::1] [fcee17c8-a03a-40c7-8eb6-f930529dd62c] GET /.well-known/appspecific/com.chrome.devtools.json
[2025-09-18T13:19:10.553Z] [INFO] [IP: ::1] [7dfc8d68-cdfd-4f11-9e67-1a0d82911d83] GET /wp-content/plugins/elementor/assets/lib/font-awesome/webfonts/fa-solid-900.woff2
[2025-09-18T13:19:10.622Z] [INFO] [IP: ::1] [851521ca-ec23-4fcb-b89f-3b063ba3ba44] GET /api/auth/admin/validate
[2025-09-18T13:19:10.635Z] [INFO] [IP: ::1] [9a4185ec-d7ea-468a-ac67-11b156eff624] GET /api/v1/admin/transactions?page=1&limit=10
[2025-09-18T13:19:10.646Z] [INFO] [IP: ::1] [df07d9b4-6635-4797-b753-981f34a515a8] GET /api/v1/admin/users?status=active
[2025-09-18T13:19:10.685Z] [INFO] [IP: ::1] [945677f3-6eaa-40d7-b767-4cc6a5ca5098] GET /favicon.ico
[2025-09-18T13:19:10.753Z] [INFO] [IP: ::1] [912e68ae-0c0e-409c-a049-0c068ca0e645] GET /favicon.ico
[2025-09-18T13:19:13.634Z] [INFO] [IP: ::1] [d43b796d-dc53-406f-81b0-b413c8ecc6a3] GET /api/v1/admin/transactions/25
[2025-09-18T13:19:13.638Z] [INFO] [IP: ::1] [329a55fe-097f-4efe-8a69-d4c571ca55d8] GET /api/v1/admin/transactions/25/documents
[2025-09-18T13:19:13.639Z] [INFO] [IP: ::1] [b74fa1cf-336d-4f0b-8b78-3a241819e58e] GET /api/v1/admin/transactions/25/payments
[2025-09-18T13:19:13.641Z] [INFO] [IP: ::1] [95b67a2e-0a2f-4056-81b6-b9591d966238] GET /api/v1/admin/users/25
[2025-09-18T13:19:13.686Z] [INFO] [IP: ::1] [d8217233-9b02-44df-8055-53a7011448a9] GET /api/v1/admin/transactions/25/documents
[2025-09-18T13:20:27.951Z] [INFO] [IP: ::1] [116a2827-287a-40b5-9adf-141447834082] GET /api/v1/admin/users?status=active
[2025-09-18T13:20:29.337Z] [INFO] [IP: ::1] [2a9f2948-01b3-4255-8ee3-a6d86ca07802] GET /wp-content/plugins/elementor/assets/lib/font-awesome/css/all.mind1c0.css
[2025-09-18T13:20:29.346Z] [INFO] [IP: ::1] [92376e67-8682-48e4-8420-54f7d58713ee] GET /admin.css
[2025-09-18T13:20:29.371Z] [INFO] [IP: ::1] [bfbc25a8-17a6-4b5c-a7a1-bb94d3a430d4] GET /.well-known/appspecific/com.chrome.devtools.json
[2025-09-18T13:21:29.676Z] [INFO] [IP: ::1] [7c39c43a-27b8-4ad0-9049-e3ffaeb68fa7] GET /admin-panel.html?section=users
[2025-09-18T13:21:29.739Z] [INFO] [IP: ::1] [85c93c9e-2a8f-4f37-bcd9-faa38e006694] GET /wp-content/plugins/elementor/assets/lib/font-awesome/css/all.mind1c0.css
[2025-09-18T13:21:29.766Z] [INFO] [IP: ::1] [732c0e99-b209-49ee-b69d-5c07a4771bb8] GET /admin.css
[2025-09-18T13:21:29.932Z] [INFO] [IP: ::1] [bb7f9fd8-0a75-4d53-95ab-cd29e271c9c6] GET /main.js
[2025-09-18T13:21:30.019Z] [INFO] [IP: ::1] [2a08cf1e-efb7-4fd6-a637-93e6b8fd144a] GET /utils.js
[2025-09-18T13:21:30.023Z] [INFO] [IP: ::1] [1ef10b47-5f02-4d82-82e6-b7044ddd30b0] GET /search-handlers.js
[2025-09-18T13:21:30.024Z] [INFO] [IP: ::1] [788f6dab-2f23-4a13-a55f-db1db6fd9f2e] GET /action-handlers.js
[2025-09-18T13:21:30.026Z] [INFO] [IP: ::1] [9c93f35c-743e-4ad0-9ced-ec06bf1e053d] GET /user-handlers.js
[2025-09-18T13:21:30.033Z] [INFO] [IP: ::1] [3599e2e5-3208-4bf3-ba06-03a972ce0464] GET /payment-schedule.js
[2025-09-18T13:21:30.035Z] [INFO] [IP: ::1] [8c837299-ed87-413b-9edb-9c9ddef7e51d] GET /transaction-handlers.js
[2025-09-18T13:21:30.057Z] [INFO] [IP: ::1] [b1749d7e-a0a2-4ec9-9abb-4fa6bade4a6f] GET /file-upload-handlers.js
[2025-09-18T13:21:30.058Z] [INFO] [IP: ::1] [4f29e954-f819-4470-9be6-a3f76d8d397a] GET /user-modal.js
[2025-09-18T13:21:30.064Z] [INFO] [IP: ::1] [1690c890-7eef-4fc1-b347-3c6cc166b766] GET /transaction.js
[2025-09-18T13:21:30.065Z] [INFO] [IP: ::1] [badf29b7-3b58-4d51-9341-c942f9a3c2a8] GET /navigation.js
[2025-09-18T13:21:30.068Z] [INFO] [IP: ::1] [e52a320c-6975-47a7-8995-dd66ddc735b0] GET /menu.js
[2025-09-18T13:21:30.072Z] [INFO] [IP: ::1] [84bd7458-d2e1-4d4f-84bb-ba25098ee869] GET /user-management.js
[2025-09-18T13:21:30.079Z] [INFO] [IP: ::1] [411dea2c-b37b-47c2-ad9f-a15fe8551e50] GET /transaction-management.js
[2025-09-18T13:21:30.080Z] [INFO] [IP: ::1] [d5d47389-1ff1-4254-bb05-5c0ab73795e8] GET /file-upload.js
[2025-09-18T13:21:30.084Z] [INFO] [IP: ::1] [c69a726b-96a2-4bda-a71f-d92c74b47ef0] GET /init-handlers.js
[2025-09-18T13:21:30.086Z] [INFO] [IP: ::1] [f4a74b4a-7822-4282-9a1f-a13ce90bb05f] GET /init.js
[2025-09-18T13:21:30.087Z] [INFO] [IP: ::1] [0014d7b6-2d14-4495-83a5-7b46fdf5af2c] GET /api-utils.js
[2025-09-18T13:21:30.091Z] [INFO] [IP: ::1] [53247dda-b555-459c-83f3-3a52844e8ee3] GET /currency-converter.js
[2025-09-18T13:21:30.099Z] [INFO] [IP: ::1] [30f80874-d53f-4acc-8447-a781358beca9] GET /modal.js
[2025-09-18T13:21:30.101Z] [INFO] [IP: ::1] [5aaade74-a77d-4bb9-8e2a-8a60ffe69c29] GET /modal-handlers.js
[2025-09-18T13:21:30.104Z] [INFO] [IP: ::1] [362b2943-bb1d-4b16-a692-8dadeabd6906] GET /.well-known/appspecific/com.chrome.devtools.json
[2025-09-18T13:21:30.289Z] [INFO] [IP: ::1] [18e6b71f-f943-41b6-9f9e-fa7e13a9d054] GET /wp-content/plugins/elementor/assets/lib/font-awesome/webfonts/fa-solid-900.woff2
[2025-09-18T13:21:30.350Z] [INFO] [IP: ::1] [77e1cb6a-6a3f-4719-a97f-0361e93fe600] GET /api/auth/admin/validate
[2025-09-18T13:21:30.364Z] [INFO] [IP: ::1] [099dd258-27f5-4808-b42f-b8fc28c581c4] GET /api/v1/admin/transactions?page=1&limit=10
[2025-09-18T13:21:30.366Z] [INFO] [IP: ::1] [75b3aa91-94ad-4443-af61-8b1370062a86] GET /api/v1/admin/users?status=active
[2025-09-18T13:21:30.438Z] [INFO] [IP: ::1] [43951ead-6bc9-4c7d-a12d-12346a6e97a1] GET /api/v1/admin/transactions?page=1&limit=10
[2025-09-18T13:21:30.457Z] [INFO] [IP: ::1] [a9225153-5f56-4e15-a0c0-90f3c5ec01d7] GET /api/v1/admin/users?status=active
[2025-09-18T13:21:30.469Z] [INFO] [IP: ::1] [5c39da42-c85b-4d85-90ef-2f07fde3b7de] GET /favicon.ico
[2025-09-18T13:21:30.557Z] [INFO] [IP: ::1] [94af475c-3ed4-4b93-8154-31e289fa3eea] GET /favicon.ico
[2025-09-18T13:21:33.240Z] [INFO] [IP: ::1] [e38a7e7f-7265-4c57-a561-ed32df5b97f6] GET /api/v1/admin/transactions/25
[2025-09-18T13:21:33.241Z] [INFO] [IP: ::1] [8e921a5c-ffef-45c5-a79e-0088d185c979] GET /api/v1/admin/transactions/25/documents
[2025-09-18T13:21:33.251Z] [INFO] [IP: ::1] [63ff1c31-4b31-4963-8314-da83e7c8120a] GET /api/v1/admin/transactions/25/payments
[2025-09-18T13:21:33.286Z] [INFO] [IP: ::1] [611d9bc8-c17f-4630-a9a6-499eea645305] GET /api/v1/admin/transactions/25/documents
[2025-09-18T13:21:40.166Z] [INFO] [IP: ::1] [42094ae3-b62a-482b-bccd-e74809103a11] GET /api/v1/admin/users?status=active
[2025-09-18T13:21:43.083Z] [INFO] [IP: ::1] [a3ce4218-64f0-41b1-b8c6-f9ec01fa05f5] GET /wp-content/plugins/elementor/assets/lib/font-awesome/css/all.mind1c0.css
[2025-09-18T13:21:43.093Z] [INFO] [IP: ::1] [fbc1252c-8e67-4944-b7ac-c781f8f0a2ed] GET /admin.css
[2025-09-18T13:21:43.100Z] [INFO] [IP: ::1] [8c88f82f-39b7-4b78-986d-6f37fa2c6109] GET /.well-known/appspecific/com.chrome.devtools.json
[2025-09-18T13:23:04.751Z] [INFO] [IP: ::1] [8d8f8cd9-0333-410f-806b-8c95c05c616c] GET /admin-panel.html?section=users
[2025-09-18T13:23:04.828Z] [INFO] [IP: ::1] [97cb5b76-4e3a-476f-b962-707a29d5b7b8] GET /.well-known/appspecific/com.chrome.devtools.json
[2025-09-18T13:23:04.893Z] [INFO] [IP: ::1] [6eff958d-9600-4058-bd23-c7085cbea548] GET /wp-content/plugins/elementor/assets/lib/font-awesome/css/all.mind1c0.css
[2025-09-18T13:23:04.894Z] [INFO] [IP: ::1] [a3cb825b-dcb2-4c88-a804-117ae0e17ad5] GET /admin.css
[2025-09-18T13:23:04.895Z] [INFO] [IP: ::1] [fea84743-7fb9-4067-b6dd-1e2ca06b0851] GET /api-utils.js
[2025-09-18T13:23:04.910Z] [INFO] [IP: ::1] [5cad536b-2cc1-4acd-a7b7-9a4bdeff068a] GET /currency-converter.js
[2025-09-18T13:23:04.911Z] [INFO] [IP: ::1] [aae2fe3d-8356-410e-82d5-94ec8005a8f2] GET /modal.js
[2025-09-18T13:23:04.932Z] [INFO] [IP: ::1] [e8ed924c-15c8-409d-93c6-e455562499bc] GET /search-handlers.js
[2025-09-18T13:23:04.936Z] [INFO] [IP: ::1] [3b1ff649-ef20-4aa4-a50b-cbea260b8341] GET /action-handlers.js
[2025-09-18T13:23:04.938Z] [INFO] [IP: ::1] [4d8e6960-63b7-4586-bbc9-27b5eb43793c] GET /user-handlers.js
[2025-09-18T13:23:04.942Z] [INFO] [IP: ::1] [c7be1158-2262-4b44-af2d-158c0ae2a087] GET /payment-schedule.js
[2025-09-18T13:23:04.943Z] [INFO] [IP: ::1] [8961720e-7008-4841-b291-954760f63317] GET /file-upload-handlers.js
[2025-09-18T13:23:04.959Z] [INFO] [IP: ::1] [57b70fd4-f0b6-45bc-b8c1-071f3d2073b9] GET /transaction.js
[2025-09-18T13:23:04.960Z] [INFO] [IP: ::1] [0fb8af1a-d1ee-4c1d-9263-6ff7e7c3e952] GET /navigation.js
[2025-09-18T13:23:04.967Z] [INFO] [IP: ::1] [75b49487-2284-42f4-be97-85e18cfef074] GET /menu.js
[2025-09-18T13:23:04.969Z] [INFO] [IP: ::1] [9afbbc4d-3e22-4e19-b531-4cff6f66dd65] GET /user-management.js
[2025-09-18T13:23:04.969Z] [INFO] [IP: ::1] [b6aa6dcf-ff90-4167-99d3-0ab59aa265f2] GET /main.js
[2025-09-18T13:23:04.987Z] [INFO] [IP: ::1] [44f82e34-7d30-4c4b-8b23-e0e732eaefd5] GET /init-handlers.js
[2025-09-18T13:23:04.989Z] [INFO] [IP: ::1] [29af5d15-f558-4788-a6ab-feabe23aa666] GET /init.js
[2025-09-18T13:23:04.991Z] [INFO] [IP: ::1] [24e214c9-bc5e-47f6-bf6a-e82b73617957] GET /modal-handlers.js
[2025-09-18T13:23:04.992Z] [INFO] [IP: ::1] [fc032559-6e98-4c17-b2e0-97062d343045] GET /utils.js
[2025-09-18T13:23:04.993Z] [INFO] [IP: ::1] [417defdc-53d6-4d6c-b75e-506e59174d4b] GET /transaction-handlers.js
[2025-09-18T13:23:05.007Z] [INFO] [IP: ::1] [2dddf8ca-1e74-46f7-af51-89cc592dbc13] GET /transaction-management.js
[2025-09-18T13:23:05.020Z] [INFO] [IP: ::1] [af036e1a-492b-4b4f-87f3-f02aa49c5271] GET /file-upload.js
[2025-09-18T13:23:05.023Z] [INFO] [IP: ::1] [10da7b5f-997a-4136-b754-e1f00c69cef3] GET /user-modal.js
[2025-09-18T13:23:05.276Z] [INFO] [IP: ::1] [a2df58f3-ef9f-4c47-a5db-fd3833e22950] GET /wp-content/plugins/elementor/assets/lib/font-awesome/webfonts/fa-solid-900.woff2
[2025-09-18T13:23:05.336Z] [INFO] [IP: ::1] [4f81372e-797b-4373-8f0a-658d216c3046] GET /api/auth/admin/validate
[2025-09-18T13:23:05.350Z] [INFO] [IP: ::1] [ee113d01-e609-4a8e-b037-b8a9f94b4a88] GET /api/v1/admin/transactions?page=1&limit=10
[2025-09-18T13:23:05.351Z] [INFO] [IP: ::1] [6978fde9-606f-4224-8e89-b5b81d2c5953] GET /api/v1/admin/users?status=active
[2025-09-18T13:23:05.409Z] [INFO] [IP: ::1] [d679511d-8d6e-4dea-abcd-0b949cfda83c] GET /api/v1/admin/transactions?page=1&limit=10
[2025-09-18T13:23:05.424Z] [INFO] [IP: ::1] [5a445337-ea1b-4a20-ad76-f9f18439e7fe] GET /api/v1/admin/users?status=active
[2025-09-18T13:23:05.443Z] [INFO] [IP: ::1] [47a0aca5-f501-46e7-9cc2-770aac3a3011] GET /favicon.ico
[2025-09-18T13:23:05.503Z] [INFO] [IP: ::1] [5678cfea-55bc-4995-9cce-5f006a254f02] GET /favicon.ico
[2025-09-18T13:23:07.388Z] [INFO] [IP: ::1] [140f9c2d-3dbc-4786-83bf-84dd4f035330] GET /api/v1/admin/transactions/25
[2025-09-18T13:23:07.389Z] [INFO] [IP: ::1] [851b6f49-99f4-426f-ad5d-82e1200ff40a] GET /api/v1/admin/transactions/25/documents
[2025-09-18T13:23:07.397Z] [INFO] [IP: ::1] [b06e3118-be6c-4ea7-b12a-291b373539c4] GET /api/v1/admin/transactions/25/payments
[2025-09-18T13:23:07.434Z] [INFO] [IP: ::1] [d396e7b3-7316-4e5e-ad66-a4bcca21d6ca] GET /api/v1/admin/transactions/25/documents
[2025-09-18T13:23:10.434Z] [INFO] [IP: ::1] [231b92b5-c7fc-4c45-9db7-00ab90075c89] GET /api/v1/admin/users?status=active
[2025-09-18T13:23:11.525Z] [INFO] [IP: ::1] [d2efeac7-9dcc-46b0-b437-3103d624fcd0] GET /api/v1/admin/users/7
[2025-09-18T13:23:13.098Z] [INFO] [IP: ::1] [e12dde1d-8c95-433a-8f2c-f09faf7cb8eb] GET /wp-content/plugins/elementor/assets/lib/font-awesome/css/all.mind1c0.css
[2025-09-18T13:23:13.099Z] [INFO] [IP: ::1] [b9f0151a-499d-437b-b9fb-9631c4e8f410] GET /admin.css
[2025-09-18T13:23:13.134Z] [INFO] [IP: ::1] [1fb0256d-dee7-49a5-9c95-1bcea7dc797b] GET /.well-known/appspecific/com.chrome.devtools.json
[2025-09-18T13:23:22.506Z] [INFO] [IP: ::1] [3fbe8f2f-9fd4-4a82-9d75-d32b58808138] GET /.well-known/appspecific/com.chrome.devtools.json
[2025-09-18T13:23:54.734Z] [INFO] [IP: ::1] [5731631b-24f1-4a11-b847-73facb4ee50d] GET /api/v1/admin/transactions?page=1&limit=10
[2025-09-18T13:23:55.848Z] [INFO] [IP: ::1] [d197f67d-ee36-4ed3-bd18-2b88041401b8] GET /api/v1/admin/transactions/25
[2025-09-18T13:23:55.868Z] [INFO] [IP: ::1] [f41e8420-985c-4c82-a81d-6dc2a67a6f08] GET /api/v1/admin/transactions/25/documents
[2025-09-18T13:23:55.870Z] [INFO] [IP: ::1] [b3668af1-3c66-4513-be89-089dad497dc4] GET /api/v1/admin/transactions/25/payments
[2025-09-18T13:23:55.890Z] [INFO] [IP: ::1] [e26262c1-5430-42e7-bb92-a42d25fb6175] GET /api/v1/admin/transactions/25/documents
[2025-09-18T13:23:59.172Z] [INFO] [IP: ::1] [40c92bfd-b568-4eca-a94e-1df440dc3b2b] GET /.well-known/appspecific/com.chrome.devtools.json
[2025-09-18T13:24:45.859Z] [INFO] [IP: ::1] [c693538e-5806-40bf-9737-60d57e95d2cc] GET /api/v1/admin/transactions/25
[2025-09-18T13:24:45.864Z] [INFO] [IP: ::1] [2515eb2b-3f79-4c8a-b1fe-74408bb00e9b] GET /api/v1/admin/transactions/25/documents
[2025-09-18T13:24:45.870Z] [INFO] [IP: ::1] [bfda93eb-d871-49c2-8184-09d102bf0db7] GET /api/v1/admin/transactions/25/payments
[2025-09-18T13:24:45.894Z] [INFO] [IP: ::1] [cc1549fa-6048-402c-9fb3-68ccd5cacbf1] GET /api/v1/admin/transactions/25/documents
[2025-09-18T13:24:48.107Z] [INFO] [IP: ::1] [c41a8e79-d5f5-4afe-8d26-e2620b14ad0d] GET /admin-panel.html?section=transactions
[2025-09-18T13:24:48.171Z] [INFO] [IP: ::1] [d1984174-2d34-40fb-8dee-c48ff25a5e24] GET /.well-known/appspecific/com.chrome.devtools.json
[2025-09-18T13:24:48.172Z] [INFO] [IP: ::1] [48ea4f63-b2d5-404e-94ef-cee67ac37301] GET /wp-content/plugins/elementor/assets/lib/font-awesome/css/all.mind1c0.css
[2025-09-18T13:24:48.174Z] [INFO] [IP: ::1] [50ac589a-1608-41f0-b3f8-83dcd65491a3] GET /admin.css
[2025-09-18T13:24:48.191Z] [INFO] [IP: ::1] [d1f265f2-0e77-4162-95c5-e024b565ffed] GET /currency-converter.js
[2025-09-18T13:24:48.193Z] [INFO] [IP: ::1] [645e1930-bb4b-499a-88bb-df85c7693d2c] GET /modal.js
[2025-09-18T13:24:48.195Z] [INFO] [IP: ::1] [2befd730-5b6d-42b6-b230-238975dc19c0] GET /modal-handlers.js
[2025-09-18T13:24:48.225Z] [INFO] [IP: ::1] [bf72fc3a-44e3-4e3a-823d-28aee511752a] GET /user-handlers.js
[2025-09-18T13:24:48.238Z] [INFO] [IP: ::1] [c449f6ec-e08e-45ef-b35d-463e057a25ff] GET /file-upload-handlers.js
[2025-09-18T13:24:48.239Z] [INFO] [IP: ::1] [4ffbc69e-75d0-4a44-9349-b5f5e348e877] GET /user-modal.js
[2025-09-18T13:24:48.281Z] [INFO] [IP: ::1] [fe5e8a46-ce3b-4769-a0ea-99d226d33165] GET /file-upload.js
[2025-09-18T13:24:48.306Z] [INFO] [IP: ::1] [c7710fb9-0c18-4fca-847a-8b4debd3e152] GET /search-handlers.js
[2025-09-18T13:24:48.306Z] [INFO] [IP: ::1] [935982d9-ad7e-44ef-b296-cfbaf5782c1f] GET /action-handlers.js
[2025-09-18T13:24:48.307Z] [INFO] [IP: ::1] [1e35b147-a8c2-4465-a148-49ac547e2198] GET /payment-schedule.js
[2025-09-18T13:24:48.316Z] [INFO] [IP: ::1] [bb79c280-50cc-46d1-9661-cf4e86e1af87] GET /transaction-handlers.js
[2025-09-18T13:24:48.318Z] [INFO] [IP: ::1] [8ae1a087-b04e-49c8-a43c-f10a68656b92] GET /transaction.js
[2025-09-18T13:24:48.320Z] [INFO] [IP: ::1] [c464cefa-64a5-4c55-b823-4a52d95f27f0] GET /navigation.js
[2025-09-18T13:24:48.326Z] [INFO] [IP: ::1] [3f0f682d-70a3-450a-b28d-b8456b3f3be4] GET /menu.js
[2025-09-18T13:24:48.328Z] [INFO] [IP: ::1] [0b552349-fb11-4898-8454-8d381ed08564] GET /user-management.js
[2025-09-18T13:24:48.329Z] [INFO] [IP: ::1] [847fd405-d847-4ab1-883c-e561509a7c2f] GET /main.js
[2025-09-18T13:24:48.334Z] [INFO] [IP: ::1] [541af2e9-1bfd-4f5f-aa5b-53c8d210c7bb] GET /transaction-management.js
[2025-09-18T13:24:48.335Z] [INFO] [IP: ::1] [93224c3b-9281-4d29-a4a4-a49a0e7476d2] GET /init-handlers.js
[2025-09-18T13:24:48.338Z] [INFO] [IP: ::1] [28ef856f-6a86-4d39-a780-82982075cdb3] GET /init.js
[2025-09-18T13:24:48.343Z] [INFO] [IP: ::1] [5973fcc3-d044-44d5-9f3b-eba17ba0c4a2] GET /api-utils.js
[2025-09-18T13:24:48.349Z] [INFO] [IP: ::1] [2e5b3972-6ff3-40c5-a52d-7710d7dcaad2] GET /utils.js
[2025-09-18T13:24:48.624Z] [INFO] [IP: ::1] [1a2af13c-ff25-42ef-b218-9fa31894917d] GET /wp-content/plugins/elementor/assets/lib/font-awesome/webfonts/fa-solid-900.woff2
[2025-09-18T13:24:48.689Z] [INFO] [IP: ::1] [e1b5310b-339b-4555-8a50-65321b21c906] GET /api/auth/admin/validate
[2025-09-18T13:24:48.695Z] [INFO] [IP: ::1] [5f1ac73f-66dd-461d-a0c2-99015f6f63b8] GET /api/v1/admin/transactions?page=1&limit=10
[2025-09-18T13:24:48.716Z] [INFO] [IP: ::1] [10bbf4c4-f878-4b12-bafa-86c7d48848b4] GET /api/v1/admin/users?status=active
[2025-09-18T13:24:48.718Z] [INFO] [IP: ::1] [5d49b9ad-9f94-4cb5-9565-bf8a1a194ee9] GET /favicon.ico
[2025-09-18T13:24:48.791Z] [INFO] [IP: ::1] [efe0bbef-9f30-48ce-88cf-4bfce70aefb7] GET /favicon.ico
[2025-09-18T13:24:51.896Z] [INFO] [IP: ::1] [fcd424f7-7b09-40f0-b496-7672743c3b92] GET /api/v1/admin/transactions/25
[2025-09-18T13:24:51.897Z] [INFO] [IP: ::1] [7138745f-5a04-4c4b-ae1e-409c01f84ea9] GET /api/v1/admin/transactions/25/documents
[2025-09-18T13:24:51.904Z] [INFO] [IP: ::1] [666c535c-accf-44f3-852e-51ca593388e8] GET /api/v1/admin/transactions/25/payments
[2025-09-18T13:24:51.930Z] [INFO] [IP: ::1] [70ca9227-e9a2-4fd7-9390-7d93043bc60c] GET /api/v1/admin/transactions/25/documents
[2025-09-18T13:26:17.660Z] [INFO] [IP: ::1] [d623a1ba-0645-49c6-b801-efe1b1f44216] GET /api/v1/admin/transactions/25
[2025-09-18T13:26:17.667Z] [INFO] [IP: ::1] [25a2c771-e510-4289-aab0-ca25d6413350] GET /api/v1/admin/transactions/25/documents
[2025-09-18T13:26:17.680Z] [INFO] [IP: ::1] [8d939675-eab1-4a6c-bedd-6b4d8c86f876] GET /api/v1/admin/transactions/25/payments
[2025-09-18T13:26:17.739Z] [INFO] [IP: ::1] [ae99c96f-4c94-4647-b5d5-b2d670e0b0b9] GET /api/v1/admin/transactions/25/documents
